,quarter,wall,clock,desc,play_id,game_time,pfr,andrew
0,1,2013-12-30T01:30:52+00:00,15:00,6-A.Henery kicks 71 yards from PHI 35 to DAL -6. 17-D.Harris to DAL 23 for 29 yards (26-C.Williams).,36,60.0,31.4,0.854861111
1,1,2013-12-30T01:31:38+00:00,14:54,(14:54) 29-D.Murray left tackle to DAL 29 for 6 yards (95-M.Kendricks).,62,59.54,32.1,
2,1,2013-12-30T01:32:16+00:00,14:17,"(14:17) (Shotgun) 18-K.Orton pass short middle to 88-D.Bryant to DAL 44 for 15 yards (24-B.Fletcher; 29-N.Allen). Pass complete on a ""crossing pattern.""",83,59.17,35.3,0.855555556
3,1,2013-12-30T01:32:57+00:00,13:36,(13:36) 29-D.Murray right guard to DAL 46 for 2 yards (98-C.Barwin).,111,58.36,34.7,
4,1,2013-12-30T01:33:33+00:00,13:00,(13:00) (Shotgun) 18-K.Orton pass short right to 88-D.Bryant to PHI 48 for 6 yards (24-B.Fletcher). Pass complete on an up and out pattern.,132,58.0,35.1,
5,1,2013-12-30T01:34:13+00:00,12:20,"(12:20) (Shotgun) PENALTY on PHI-72-C.Thornton, Encroachment, 5 yards, enforced at PHI 48 - No Play.",160,57.2,38.1,
6,1,2013-12-30T01:35:01+00:00,12:04,(12:04) 29-D.Murray left guard to PHI 38 for 5 yards (59-D.Ryans).,183,57.04,38.6,
7,1,2013-12-30T01:35:45+00:00,11:20,(11:20) (Shotgun) 18-K.Orton pass short left to 29-D.Murray pushed ob at PHI 28 for 10 yards (26-C.Williams). Pass complete in the flat.,204,56.2,41.3,
8,1,2013-12-30T01:36:30+00:00,10:51,"(10:51) 29-D.Murray right tackle to PHI 26 for 2 yards (95-M.Kendricks). FUMBLES (95-M.Kendricks), RECOVERED by PHI-24-B.Fletcher at PHI 23. 24-B.Fletcher to PHI 23 for no gain (68-D.Free).",232,55.51,29.5,0.8583333329999999
9,1,2013-12-30T01:38:56+00:00,10:42,(10:42) (Shotgun) 9-N.Foles pass incomplete short right to 25-L.McCoy.,265,55.42,31.0,
10,1,2013-12-30T01:39:25+00:00,10:36,"(10:36) (No Huddle, Shotgun) 25-L.McCoy right guard to PHI 30 for 7 yards (54-B.Carter, 42-B.Church).",287,55.36,30.4,
11,1,2013-12-30T01:39:59+00:00,10:02,"(10:02) (No Huddle, Shotgun) 9-N.Foles pass short right to 32-C.Polk to DAL 36 for 34 yards (42-B.Church). Pass complete on a ""wheel route.""",308,55.019999999999996,22.8,0.8611111109999999
12,1,2013-12-30T01:40:39+00:00,09:21,"(9:21) (No Huddle, Shotgun) 9-N.Foles right guard to DAL 36 for no gain (99-G.Selvie; 57-D.Holloman).",336,54.21,24.2,
13,1,2013-12-30T01:41:16+00:00,08:45,"(8:45) (No Huddle) 25-L.McCoy right tackle pushed ob at DAL 25 for 11 yards (99-G.Selvie). PENALTY on PHI-65-L.Johnson, Offensive Holding, 10 yards, enforced at DAL 36 - No Play.",357,53.45,27.6,0.861805556
14,1,2013-12-30T01:42:13+00:00,08:33,"(8:33) (No Huddle, Shotgun) 25-L.McCoy up the middle to DAL 45 for 1 yard (97-J.Hatcher).",389,53.33,29.1,
15,1,2013-12-30T01:42:50+00:00,07:55,"(7:55) (No Huddle, Shotgun) 9-N.Foles pass deep middle to 14-R.Cooper to DAL 29 for 16 yards (24-M.Claiborne). Pass complete on a ""deep crossing pattern.""",410,52.55,27.0,
16,1,2013-12-30T01:43:35+00:00,07:10,"(7:10) (Field Goal formation) 6-A.Henery 47 yard field goal is GOOD, Center-46-J.Dorenbos, Holder-8-D.Jones.",434,52.1,23.5,0.863194444
17,1,2013-12-30T01:46:02+00:00,07:07,"6-A.Henery kicks 74 yards from PHI 35 to DAL -9. 17-D.Harris, Touchback.",454,52.07,24.1,0.8652777779999999
18,1,2013-12-30T01:48:23+00:00,07:07,"(7:07) (Shotgun) 18-K.Orton pass short middle to 29-D.Murray to DAL 38 for 18 yards (29-N.Allen; 95-M.Kendricks). Pass complete on a ""check off"" over the middle.",476,52.07,27.2,0.8666666670000001
19,1,2013-12-30T01:49:05+00:00,06:25,(6:25) (Shotgun) 29-D.Murray right tackle to DAL 42 for 4 yards (77-D.Square).,504,51.25,27.3,
20,1,2013-12-30T01:49:40+00:00,05:51,(5:51) (Shotgun) 18-K.Orton pass short left to 29-D.Murray to PHI 48 for 10 yards (23-P.Chung; 95-M.Kendricks).,525,50.51,29.9,0.868055556
21,1,2013-12-30T01:50:28+00:00,05:03,(5:03) (Shotgun) 18-K.Orton pass short right to 82-J.Witten to PHI 43 for 5 yards (29-N.Allen).,549,50.03,30.4,
22,1,2013-12-30T01:51:07+00:00,04:24,(4:24) 18-K.Orton pass short right to 88-D.Bryant to PHI 40 for 3 yards (24-B.Fletcher).,573,49.24,29.6,
23,1,2013-12-30T01:51:51+00:00,03:46,"(3:46) (Shotgun) 18-K.Orton pass incomplete short right to 88-D.Bryant. Pass incomplete on a ""fly"" pattern at the Philadelphia 25; Fletcher closest defender.",597,48.46,25.2,
24,1,2013-12-30T01:52:28+00:00,03:41,"(3:41) (Punt formation) 6-C.Jones punts 28 yards to PHI 12, Center-91-L.Ladouceur, fair catch by 10-D.Jackson.",623,48.41,24.6,0.8694444440000001
25,1,2013-12-30T01:54:48+00:00,03:33,(3:33) (Shotgun) 9-N.Foles pass short right to 86-Z.Ertz to PHI 29 for 17 yards (38-J.Heath).,643,48.33,21.6,0.8715277779999999
26,1,2013-12-30T01:55:19+00:00,03:19,"(3:19) (No Huddle, Shotgun) 25-L.McCoy right end to PHI 28 for -1 yards (99-G.Selvie, 57-D.Holloman).",667,48.19,23.2,
27,1,2013-12-30T01:55:54+00:00,02:43,"(2:43) (No Huddle, Shotgun) 9-N.Foles pass short middle to 14-R.Cooper to PHI 32 for 4 yards (54-B.Carter).",688,47.43,23.7,
28,1,2013-12-30T01:56:39+00:00,01:59,"(1:59) (No Huddle, Shotgun) 9-N.Foles pass short middle to 86-Z.Ertz to PHI 44 for 12 yards (38-J.Heath) [94-D.Ware].",712,46.59,19.3,0.872916667
29,1,2013-12-30T01:57:16+00:00,01:22,(1:22) (No Huddle) 25-L.McCoy left guard to DAL 36 for 20 yards (38-J.Heath).,736,46.22,16.4,
30,1,2013-12-30T01:57:53+00:00,00:45,"(:45) (No Huddle) 9-N.Foles pass incomplete short middle. PENALTY on PHI-9-N.Foles, Intentional Grounding, 10 yards, enforced at DAL 36. Heavy pressure by Dallas' Bruce Carter.",757,45.45,20.6,0.873611111
31,1,2013-12-30T01:59:16+00:00,00:37,"(:37) (No Huddle, Shotgun) 9-N.Foles pass short left to 10-D.Jackson to DAL 26 for 20 yards (27-J.Wilcox).",790,45.37,15.0,
32,1,2013-12-30T02:00:01+00:00,00:20,"(:20) (No Huddle, Shotgun) 25-L.McCoy left guard to DAL 25 for 1 yard (57-D.Holloman; 51-K.Wilber).",814,45.2,15.8,
33,2,2013-12-30T02:02:45+00:00,15:00,"(15:00) (No Huddle, Shotgun) 9-N.Foles pass deep left to 81-J.Avant to DAL 3 for 22 yards (38-J.Heath).",855,45.0,10.3,0.875
34,2,2013-12-30T02:03:26+00:00,14:18,"(14:18) (No Huddle, Shotgun) 9-N.Foles pass short right to 25-L.McCoy for 3 yards, TOUCHDOWN. Pass complete off ""play action"" and roll right.",879,44.18,11.0,0.877777778
35,2,2013-12-30T02:04:06+00:00,14:13,"6-A.Henery extra point is GOOD, Center-46-J.Dorenbos, Holder-8-D.Jones.",900,44.13,9.5,
36,2,2013-12-30T02:06:31+00:00,14:13,6-A.Henery kicks 65 yards from PHI 35 to DAL 0. 17-D.Harris to DAL 36 for 36 yards (53-N.Goode). Return right side of the field outside the yard line numbers.,916,44.13,11.6,0.879166667
37,2,2013-12-30T02:09:07+00:00,14:05,(14:05) (Shotgun) 18-K.Orton pass incomplete short middle to 29-D.Murray. Pass incomplete at the Dallas 38.,946,44.05,10.7,
38,2,2013-12-30T02:09:41+00:00,14:00,(14:00) 29-D.Murray left tackle to DAL 39 for 3 yards (91-F.Cox).,972,44.0,10.2,
39,2,,14:00,"(14:00) (Shotgun) PENALTY on PHI-96-B.Logan, Encroachment, 5 yards, enforced at DAL 39 - No Play.",993,44.0,11.3,
40,2,2013-12-30T02:10:58+00:00,13:07,(13:07) (Shotgun) 18-K.Orton pass incomplete short middle to 82-J.Witten. Pass incomplete at the 48.,1016,43.07,8.7,
41,2,2013-12-30T02:11:35+00:00,12:51,"(12:51) (Punt formation) 6-C.Jones punts 39 yards to PHI 17, Center-91-L.Ladouceur. 10-D.Jackson pushed ob at PHI 18 for 1 yard (17-D.Harris).",1042,42.51,9.3,0.8826388890000001
42,2,2013-12-30T02:14:20+00:00,12:41,"(12:41) (No Huddle, Shotgun) 25-L.McCoy left tackle to PHI 24 for 6 yards (54-B.Carter).",1068,42.41,8.8,
43,2,2013-12-30T02:14:42+00:00,12:20,(12:20) (No Huddle) 25-L.McCoy up the middle to PHI 23 for -1 yards (92-J.Wynn; 94-D.Ware).,1089,42.2,10.1,
44,2,2013-12-30T02:15:27+00:00,11:35,"(11:35) (No Huddle, Shotgun) 9-N.Foles sacked at PHI 21 for -2 yards (97-J.Hatcher).",1110,41.35,12.5,
45,2,2013-12-30T02:16:00+00:00,11:13,"(11:13) (Punt formation) 8-D.Jones punts 45 yards to DAL 34, Center-46-J.Dorenbos, fair catch by 17-D.Harris.",1129,41.13,11.1,0.886111111
46,2,2013-12-30T02:18:35+00:00,11:07,"(11:07) 18-K.Orton pass incomplete short right to 82-J.Witten. Pass incomplete on a ""deep crossing route,"" Chung closest defender.",1149,41.07,10.2,
47,2,2013-12-30T02:19:08+00:00,11:01,(11:01) 29-D.Murray left tackle to DAL 32 for -2 yards (59-D.Ryans).,1175,41.01,8.8,
48,2,2013-12-30T02:19:47+00:00,10:23,"(10:23) (Shotgun) 18-K.Orton pass deep right to 83-T.Williams to PHI 29 for 39 yards (22-B.Boykin). Pass complete on a ""deep seam route.""",1196,40.230000000000004,15.8,0.8888888890000001
49,2,2013-12-30T02:20:30+00:00,09:39,(9:39) 29-D.Murray left end to PHI 26 for 3 yards (58-T.Cole).,1224,39.39,15.5,
50,2,2013-12-30T02:21:05+00:00,09:04,(9:04) 29-D.Murray right tackle to PHI 17 for 9 yards (59-D.Ryans).,1245,39.04,17.6,0.8895833329999999
51,2,2013-12-30T02:21:48+00:00,08:21,"(8:21) (Shotgun) 18-K.Orton pass short right to 89-G.Escobar for 17 yards, TOUCHDOWN. Pass complete in right flat.",1266,38.21,21.6,0.890277778
52,2,2013-12-30T02:22:32+00:00,08:16,"5-D.Bailey extra point is GOOD, Center-91-L.Ladouceur, Holder-6-C.Jones.",1291,38.16,24.4,
53,2,2013-12-30T02:25:10+00:00,08:16,"5-D.Bailey kicks 65 yards from DAL 35 to end zone, Touchback. Ball was kicked out of the end zone.",1307,38.16,23.6,0.8923611109999999
54,2,2013-12-30T02:26:02+00:00,08:16,(8:16) 25-L.McCoy right tackle to PHI 19 for -1 yards (32-O.Scandrick).,1326,38.16,25.7,
55,2,2013-12-30T02:26:37+00:00,07:41,"(7:41) (No Huddle, Shotgun) 9-N.Foles pass short right to 10-D.Jackson to PHI 22 for 3 yards (54-B.Carter).",1347,37.41,26.5,
56,2,2013-12-30T02:27:20+00:00,06:58,"(6:58) (No Huddle, Shotgun) 9-N.Foles pass short middle to 81-J.Avant to PHI 39 for 17 yards (42-B.Church).",1371,36.58,20.1,0.89375
57,2,2013-12-30T02:27:56+00:00,06:25,"(6:25) (No Huddle, Shotgun) 9-N.Foles pass incomplete short middle to 81-J.Avant. Heavy pressure from Hayden.",1395,36.25,21.6,
58,2,2013-12-30T02:28:42+00:00,06:17,(6:17) (No Huddle) 25-L.McCoy right tackle to DAL 45 for 16 yards (27-J.Wilcox).,1417,36.17,17.4,0.895138889
59,2,2013-12-30T02:29:12+00:00,05:48,(5:48) (No Huddle) 9-N.Foles sacked at PHI 48 for -7 yards (92-J.Wynn).,1442,35.480000000000004,21.3,
60,2,2013-12-30T02:29:54+00:00,05:12,"(5:12) (No Huddle, Shotgun) 25-L.McCoy right tackle to DAL 49 for 3 yards (92-J.Wynn).",1461,35.120000000000005,22.1,
61,2,2013-12-30T02:30:30+00:00,04:36,"(4:36) (No Huddle, Shotgun) 9-N.Foles pass incomplete short left to 81-J.Avant. Pass incomplete sideline at the Dallas 37.",1482,34.36,24.6,
62,2,2013-12-30T02:31:04+00:00,04:26,"(4:26) (Punt formation) 8-D.Jones punts 39 yards to DAL 10, Center-46-J.Dorenbos, fair catch by 17-D.Harris. PENALTY on PHI-22-B.Boykin, Fair Catch Interference, 15 yards, enforced at DAL 10.",1508,34.26,26.5,0.8965277779999999
63,2,2013-12-30T02:32:18+00:00,04:18,"(4:18) (Shotgun) 18-K.Orton pass short middle to 82-J.Witten to DAL 28 for 3 yards (59-D.Ryans). Pass complete on a ""drag route.""",1539,34.18,26.1,
64,2,2013-12-30T02:32:55+00:00,03:41,(3:41) 29-D.Murray right tackle to DAL 35 for 7 yards (24-B.Fletcher).,1567,33.41,28.7,0.8979166670000001
65,2,2013-12-30T02:33:36+00:00,03:00,(3:00) 29-D.Murray right end to DAL 36 for 1 yard (55-B.Graham).,1588,33.0,27.4,
66,2,2013-12-30T02:34:16+00:00,02:21,"(2:21) (Shotgun) 18-K.Orton pass incomplete short left. Orton under pressure (Brandon Graham), runs outside the tackle box and throws the ball away.",1609,32.21,25.2,
67,2,2013-12-30T02:34:59+00:00,02:13,"(2:13) (Shotgun) 18-K.Orton pass short middle to 82-J.Witten to DAL 47 for 11 yards (23-P.Chung). Pass complete on a ""curl route.""",1635,32.129999999999995,31.7,0.899305556
68,2,2013-12-30T02:38:08+00:00,02:00,(2:00) (Shotgun) 18-K.Orton pass short right intended for 82-J.Witten INTERCEPTED by 95-M.Kendricks at PHI 46. 95-M.Kendricks pushed ob at DAL 49 for 5 yards (82-J.Witten).,1677,32.0,17.9,0.901388889
69,2,2013-12-30T02:39:05+00:00,01:53,(1:53) 9-N.Foles pass deep right to 87-B.Celek to DAL 14 for 35 yards (57-D.Holloman).,1713,31.53,12.3,0.902083333
70,2,2013-12-30T02:39:33+00:00,01:25,"(1:25) (No Huddle, Shotgun) 9-N.Foles pass short right to 87-B.Celek for 14 yards, TOUCHDOWN.",1737,31.25,9.7,0.9027777779999999
71,2,2013-12-30T02:40:14+00:00,01:19,"6-A.Henery extra point is GOOD, Center-46-J.Dorenbos, Holder-8-D.Jones.",1758,31.189999999999998,8.0,
72,2,2013-12-30T02:41:41+00:00,01:19,"6-A.Henery kicks 65 yards from PHI 35 to end zone, Touchback. Ball rolled out of the end zone.",1775,31.189999999999998,8.5,0.904166667
73,2,2013-12-30T02:42:29+00:00,01:19,(1:19) (Shotgun) 18-K.Orton pass short right to 82-J.Witten pushed ob at DAL 28 for 8 yards (95-M.Kendricks).,1794,31.189999999999998,9.3,
74,2,2013-12-30T02:43:06+00:00,01:15,(1:15) (Shotgun) 18-K.Orton scrambles up the middle to DAL 36 for 8 yards (95-M.Kendricks). Injury update: Eagles' Jason Avant has a shoulder injury; return is questionable.,1818,31.15,10.3,0.904861111
75,2,2013-12-30T02:44:56+00:00,01:09,(1:09) (Shotgun) 18-K.Orton pass short left to 82-J.Witten pushed ob at PHI 36 for 28 yards (23-P.Chung).,1857,31.09,14.1,0.90625
76,2,2013-12-30T02:45:41+00:00,01:02,(1:02) (Shotgun) 18-K.Orton pass short middle to 82-J.Witten to PHI 25 for 11 yards (95-M.Kendricks).,1885,31.02,15.8,0.9069444440000001
77,2,2013-12-30T02:46:05+00:00,00:38,"(:38) (No Huddle, Shotgun) 18-K.Orton pass incomplete short middle to 11-C.Beasley (22-B.Boykin). Pass broken up at the Philadelphia 15.",1909,30.380000000000003,14.4,
78,2,2013-12-30T02:46:45+00:00,00:34,(:34) (Shotgun) 18-K.Orton pass incomplete deep left to 88-D.Bryant. Pass lofted back left corner of the end zone.,1935,30.34,12.9,
79,2,2013-12-30T02:47:30+00:00,00:29,(:29) (Shotgun) 18-K.Orton pass short right to 82-J.Witten pushed ob at PHI 26 for -1 yards (29-N.Allen).,1961,30.29,10.9,
80,2,2013-12-30T02:48:33+00:00,00:23,"(:23) (Field Goal formation) 5-D.Bailey 44 yard field goal is GOOD, Center-91-L.Ladouceur, Holder-6-C.Jones.",2003,30.23,13.6,0.908333333
81,2,2013-12-30T02:49:55+00:00,00:18,"5-D.Bailey kicks 65 yards from DAL 35 to end zone, Touchback. Ball was kicked out of the end zone.",2023,30.18,12.9,0.9097222220000001
82,2,,00:18,(:18) (No Huddle) 9-N.Foles kneels to PHI 19 for -1 yards.,2042,30.18,13.6,0.910416667
83,3,2013-12-30T03:04:28+00:00,15:00,"5-D.Bailey kicks 65 yards from DAL 35 to end zone, Touchback. Ball was kicked beyond the yard line marker.",2079,30.0,12.9,0.919444444
84,3,2013-12-30T03:05:15+00:00,15:00,"(15:00) (No Huddle, Shotgun) 9-N.Foles sacked at PHI 11 for -9 yards (57-D.Holloman).",2098,30.0,17.1,
85,3,2013-12-30T03:05:49+00:00,14:31,(14:31) (No Huddle) 25-L.McCoy up the middle to PHI 27 for 16 yards (42-B.Church).,2117,29.310000000000002,13.5,
86,3,2013-12-30T03:06:12+00:00,14:08,"(14:08) (No Huddle, Shotgun) 9-N.Foles pass incomplete short right to 87-B.Celek [96-N.Hayden]. Heavy pressure by Nick Hayden.",2138,29.08,17.3,
87,3,2013-12-30T03:06:43+00:00,14:01,"(14:01) (Punt formation) 8-D.Jones punts 50 yards to DAL 23, Center-46-J.Dorenbos. 17-D.Harris to DAL 34 for 11 yards (22-B.Boykin; 50-C.Matthews).",2160,29.009999999999998,16.3,0.921527778
88,3,2013-12-30T03:09:20+00:00,13:49,(13:49) (Shotgun) 29-D.Murray right tackle to DAL 37 for 3 yards (96-B.Logan; 72-C.Thornton).,2190,28.490000000000002,16.0,
89,3,2013-12-30T03:09:55+00:00,13:14,(13:14) (Shotgun) 18-K.Orton pass short right to 29-D.Murray to DAL 37 for no gain (95-M.Kendricks).,2211,28.14,14.1,
90,3,2013-12-30T03:10:43+00:00,12:26,"(12:26) (Shotgun) 18-K.Orton pass incomplete short right. PENALTY on PHI-91-F.Cox, Defensive Offside, 5 yards, enforced at DAL 37 - No Play.",2235,27.259999999999998,15.7,0.924305556
91,3,2013-12-30T03:11:33+00:00,12:24,(12:24) 29-D.Murray left end to DAL 48 for 6 yards (23-P.Chung).,2268,27.240000000000002,18.8,0.925
92,3,2013-12-30T03:12:13+00:00,11:54,(11:54) 18-K.Orton pass short right to 19-M.Austin pushed ob at PHI 46 for 6 yards (24-B.Fletcher).,2289,26.54,19.5,
93,3,2013-12-30T03:12:54+00:00,11:19,"(11:19) (Shotgun) 18-K.Orton pass short left to 82-J.Witten to PHI 27 for 19 yards (23-P.Chung; 95-M.Kendricks). Pass complete on a ""slant pattern.""",2313,26.189999999999998,24.0,0.925694444
94,3,2013-12-30T03:13:40+00:00,10:32,(10:32) (Shotgun) 18-K.Orton pass short left to 88-D.Bryant ran ob at PHI 21 for 6 yards (23-P.Chung).,2341,25.32,25.0,
95,3,2013-12-30T03:14:25+00:00,09:56,(9:56) 29-D.Murray right end to PHI 25 for -4 yards (22-B.Boykin; 72-C.Thornton).,2365,24.560000000000002,20.7,
96,3,2013-12-30T03:15:10+00:00,09:10,"(9:10) (Shotgun) 18-K.Orton pass incomplete deep right to 88-D.Bryant (22-B.Boykin) [58-T.Cole]. Pass lofted incomplete on a ""go"" pattern right front corner of the end zone.",2386,24.1,17.4,
97,3,2013-12-30T03:15:49+00:00,09:04,"(9:04) (Field Goal formation) 5-D.Bailey 43 yard field goal is GOOD, Center-91-L.Ladouceur, Holder-6-C.Jones.",2412,24.04,21.2,0.9277777779999999
98,3,2013-12-30T03:18:16+00:00,08:59,"5-D.Bailey kicks 65 yards from DAL 35 to end zone, Touchback. Ball was kicked out of the back of the endzone.",2432,23.59,20.3,0.93125
99,3,2013-12-30T03:20:40+00:00,08:59,"(8:59) (No Huddle, Shotgun) 9-N.Foles pass short right to 86-Z.Ertz to PHI 34 for 14 yards (57-D.Holloman).",2451,23.59,17.4,
100,3,2013-12-30T03:21:17+00:00,08:30,"(8:30) (No Huddle, Shotgun) 25-L.McCoy left end to PHI 33 for -1 yards (97-J.Hatcher).",2475,23.3,19.5,
101,3,2013-12-30T03:21:50+00:00,07:57,"(7:57) (No Huddle, Shotgun) 9-N.Foles pass incomplete short middle to 87-B.Celek. Pass incomplete at the Philadelphia 35 on a ""crossing pattern.""",2496,22.57,21.7,
102,3,2013-12-30T03:22:30+00:00,07:52,"(7:52) (No Huddle, Shotgun) 9-N.Foles sacked at PHI 22 for -11 yards (97-J.Hatcher). FUMBLES (97-J.Hatcher) [97-J.Hatcher], RECOVERED by DAL-94-D.Ware at PHI 20. 94-D.Ware to PHI 20 for no gain (71-J.Peters).",2522,22.52,38.5,0.932638889
103,3,2013-12-30T03:23:34+00:00,07:44,(7:44) (Shotgun) 18-K.Orton pass short right to 82-J.Witten pushed ob at PHI 19 for 1 yard (95-M.Kendricks).,2552,22.44,36.6,
104,3,2013-12-30T03:24:17+00:00,07:03,(7:03) 29-D.Murray left end to PHI 19 for no gain (59-D.Ryans).,2576,22.03,33.5,
105,3,2013-12-30T03:25:07+00:00,06:12,(6:12) (Shotgun) 18-K.Orton pass short right to 29-D.Murray pushed ob at PHI 18 for 1 yard (98-C.Barwin). Pass complete in the flat.,2597,21.12,29.9,
106,3,2013-12-30T03:25:47+00:00,05:43,"(5:43) (Field Goal formation) 5-D.Bailey 36 yard field goal is GOOD, Center-91-L.Ladouceur, Holder-6-C.Jones.",2625,20.43,33.3,0.9340277779999999
107,3,2013-12-30T03:28:20+00:00,05:38,"5-D.Bailey kicks 74 yards from DAL 35 to PHI -9. 16-B.Smith, Touchback.",2645,20.38,32.0,0.936111111
108,3,2013-12-30T03:29:04+00:00,05:38,"(5:38) (No Huddle, Shotgun) 25-L.McCoy left guard to PHI 20 for no gain (57-D.Holloman; 99-G.Selvie).",2663,20.38,34.6,
109,3,2013-12-30T03:29:24+00:00,05:18,"(5:18) (No Huddle, Shotgun) 9-N.Foles pass incomplete deep right to 10-D.Jackson. Pass incomplete on a ""pump and go"" pattern; Carr closest defender.",2684,20.18,37.9,
110,3,2013-12-30T03:29:59+00:00,05:11,"(5:11) (No Huddle, Shotgun) 9-N.Foles pass incomplete short right to 86-Z.Ertz. Heavy pressure by Jason Hatcher",2710,20.11,43.3,
111,3,2013-12-30T03:30:29+00:00,05:04,"(5:04) (Punt formation) 8-D.Jones punts 47 yards to DAL 33, Center-46-J.Dorenbos. 17-D.Harris MUFFS catch, touched at DAL 33, and recovers at DAL 30. 17-D.Harris to DAL 30 for no gain (53-N.Goode).",2732,20.04,37.9,0.9375
112,3,2013-12-30T03:32:59+00:00,04:55,(4:55) 29-D.Murray right tackle to DAL 31 for 1 yard (95-M.Kendricks).,2770,19.55,36.0,
113,3,2013-12-30T03:33:38+00:00,04:17,"(4:17) 18-K.Orton pass incomplete deep middle to 83-T.Williams. Pass incomplete on a ""post pattern""; C. Williams closest defender.",2791,19.17,32.8,
114,3,2013-12-30T03:34:25+00:00,04:09,(4:09) (Shotgun) 18-K.Orton pass short left to 82-J.Witten to DAL 31 for no gain (55-B.Graham).,2817,19.09,27.5,
115,3,2013-12-30T03:34:57+00:00,03:37,"(3:37) (Punt formation) 6-C.Jones punts 44 yards to PHI 25, Center-91-L.Ladouceur. 10-D.Jackson to PHI 48 for 23 yards (40-D.McCray).",2841,18.37,24.0,0.9409722220000001
116,3,2013-12-30T03:35:48+00:00,03:25,"(3:25) (No Huddle, Shotgun) 25-L.McCoy right end to PHI 49 for 1 yard (57-D.Holloman; 71-E.Brown).",2867,18.25,25.7,
117,3,2013-12-30T03:36:21+00:00,02:53,"(2:53) (No Huddle, Shotgun) 25-L.McCoy right end to DAL 38 for 13 yards (69-C.Irvin; 71-E.Brown).",2888,17.53,20.2,0.941666667
118,3,2013-12-30T03:36:52+00:00,02:22,"(2:22) (No Huddle, Shotgun) 25-L.McCoy right end ran ob at DAL 28 for 10 yards (42-B.Church).",2909,17.22,17.7,0.942361111
119,3,2013-12-30T03:37:29+00:00,01:51,"(1:51) (No Huddle, Shotgun) 9-N.Foles pass short left to 87-B.Celek pushed ob at DAL 6 for 22 yards (42-B.Church). Pass complete on a ""drag"" route.",2930,16.509999999999998,10.9,
120,3,2013-12-30T03:38:15+00:00,01:19,"(1:19) (No Huddle, Shotgun) 16-B.Smith pass incomplete short right to 86-Z.Ertz. Pass incomplete right corner of the end zone; Foles handed off to Smith before the pass attempt.",2958,16.189999999999998,13.2,
121,3,2013-12-30T03:38:54+00:00,01:11,"(1:11) (No Huddle, Shotgun) 9-N.Foles pass incomplete short middle. Pass incomplete middle back of end zone.",2984,16.11,16.1,
122,3,2013-12-30T03:39:28+00:00,01:06,"(1:06) (No Huddle, Shotgun) 9-N.Foles pass short middle to 10-D.Jackson to DAL 1 for 5 yards (32-O.Scandrick, 39-B.Carr).",3010,16.060000000000002,17.9,0.944444444
123,3,2013-12-30T03:41:38+00:00,00:38,(:38) 9-N.Foles up the middle to DAL 1 for no gain (94-D.Ware; 54-B.Carter).,3063,15.38,32.1,0.9458333329999999
124,3,2013-12-30T03:42:53+00:00,00:31,"(:31) 18-K.Orton pass short middle to 88-D.Bryant to DAL 19 for 18 yards (23-P.Chung). Pass complete off play action on a ""skinny post.""",3084,15.31,34.9,0.946527778
125,4,2013-12-30T03:45:54+00:00,15:00,"(15:00) (Shotgun) 18-K.Orton pass short middle to 82-J.Witten to DAL 35 for 16 yards (29-N.Allen; 23-P.Chung). Pass complete on a ""slant"" pattern.",3129,15.0,41.3,0.948611111
126,4,2013-12-30T03:46:35+00:00,14:18,(14:18) (Shotgun) 18-K.Orton pass incomplete short left.,3157,14.18,38.4,
127,4,2013-12-30T03:47:19+00:00,14:13,"(14:13) (Shotgun) 18-K.Orton pass short left to 19-M.Austin to PHI 49 for 16 yards (59-D.Ryans; 23-P.Chung). Pass complete on a ""crossing pattern.""",3179,14.13,47.9,0.949305556
128,4,2013-12-30T03:48:06+00:00,13:27,"(13:27) (Shotgun) 18-K.Orton pass incomplete deep left to 88-D.Bryant. Pass incomplete on a ""fly"" pattern; Williams closest defender.",3207,13.27,45.1,
129,4,2013-12-30T03:48:51+00:00,13:22,(13:22) (Shotgun) 18-K.Orton pass short right to 11-C.Beasley to PHI 42 for 7 yards (24-B.Fletcher).,3233,13.22,46.6,
130,4,2013-12-30T03:49:32+00:00,12:41,(12:41) 29-D.Murray left end to PHI 40 for 2 yards (58-T.Cole).,3257,12.41,38.0,
131,4,2013-12-30T03:50:20+00:00,11:53,(11:53) 18-K.Orton pass incomplete short middle to 29-D.Murray (98-C.Barwin). Barwin knocked the ball down at the line of scrimmage.,3278,11.53,25.3,0.9513888890000001
132,4,2013-12-30T03:52:53+00:00,11:46,(11:46) (No Huddle) 25-L.McCoy right tackle to PHI 40 for no gain (57-D.Holloman).,3301,11.46,28.3,
133,4,2013-12-30T03:53:16+00:00,11:24,"(11:24) (No Huddle, Shotgun) 9-N.Foles pass deep middle to 14-R.Cooper to DAL 41 for 19 yards (24-M.Claiborne).",3326,11.24,18.9,0.953472222
134,4,2013-12-30T03:53:53+00:00,10:46,"(10:46) (No Huddle, Shotgun) 25-L.McCoy left end to DAL 33 for 8 yards (57-D.Holloman).",3350,10.46,16.2,
135,4,2013-12-30T03:54:31+00:00,10:08,(10:08) (No Huddle) 25-L.McCoy right tackle to DAL 32 for 1 yard (96-N.Hayden).,3371,10.08,18.4,
136,4,2013-12-30T03:55:04+00:00,09:36,(9:36) (No Huddle) 25-L.McCoy left tackle to DAL 30 for 2 yards (96-N.Hayden).,3392,9.36,14.6,0.9548611109999999
137,4,2013-12-30T03:55:37+00:00,09:03,"(9:03) (No Huddle, Shotgun) 9-N.Foles pass short left to 81-J.Avant to DAL 24 for 6 yards (32-O.Scandrick).",3413,9.03,13.1,
138,4,2013-12-30T03:56:07+00:00,08:33,"(8:33) (No Huddle, Shotgun) 34-B.Brown left end to DAL 19 for 5 yards (69-C.Irvin).",3437,8.33,10.8,0.95625
139,4,2013-12-30T03:56:43+00:00,07:57,(7:57) (No Huddle) 25-L.McCoy right tackle to DAL 16 for 3 yards (94-D.Ware).,3458,7.57,10.7,
140,4,2013-12-30T03:57:22+00:00,07:17,"(7:17) (No Huddle, Shotgun) 25-L.McCoy left end to DAL 10 for 6 yards (42-B.Church).",3479,7.17,8.3,
141,4,2013-12-30T03:57:50+00:00,06:49,"(6:49) (No Huddle, Shotgun) 25-L.McCoy up the middle to DAL 6 for 4 yards (70-F.Kearse).",3500,6.49,4.7,
142,4,2013-12-30T03:58:23+00:00,06:16,"(6:16) (No Huddle, Shotgun) 34-B.Brown left end for 6 yards, TOUCHDOWN.",3521,6.16,3.9,0.956944444
143,4,2013-12-30T03:59:13+00:00,06:09,"6-A.Henery extra point is GOOD, Center-46-J.Dorenbos, Holder-8-D.Jones.",3539,6.09,2.3,
144,4,2013-12-30T04:01:48+00:00,06:09,"6-A.Henery kicks 65 yards from PHI 35 to end zone, Touchback.",3555,6.09,2.7,0.959722222
145,4,2013-12-30T04:04:14+00:00,06:09,"(6:09) (Shotgun) 18-K.Orton pass short middle to 88-D.Bryant to DAL 33 for 13 yards (59-D.Ryans). Pass complete on a ""crossing pattern.""",3573,6.09,4.0,0.9611111109999999
146,4,2013-12-30T04:04:51+00:00,05:32,"(5:32) (Shotgun) 18-K.Orton pass short middle to 82-J.Witten to PHI 33 for 34 yards (23-P.Chung; 95-M.Kendricks). Pass complete on a ""skinny post.""",3604,5.32,10.0,0.961805556
147,4,,05:32,"(5:32) (Shotgun) PENALTY on DAL-18-K.Orton, Delay of Game, 5 yards, enforced at PHI 33 - No Play.",3632,5.32,8.7,
148,4,2013-12-30T04:06:25+00:00,04:49,(4:49) (Shotgun) 18-K.Orton pass incomplete short left to 82-J.Witten. Pass incomplete at the Philadelphia 30; Chung closest.,3655,4.49,4.8,
149,4,2013-12-30T04:07:08+00:00,04:44,(4:44) (Shotgun) 18-K.Orton pass short left to 88-D.Bryant to PHI 32 for 6 yards (24-B.Fletcher).,3681,4.440000000000001,5.0,
150,4,2013-12-30T04:07:51+00:00,04:02,"(4:02) (Shotgun) 18-K.Orton pass incomplete deep left to 88-D.Bryant [75-V.Curry]. Pass incomplete on a ""go route""; Williams closest defender. Heavy pressure by Curry.",3705,4.02,2.0,
151,4,2013-12-30T04:09:50+00:00,03:57,"(3:57) (Shotgun) 18-K.Orton pass short middle to 88-D.Bryant for 32 yards, TOUCHDOWN. Pass complete on a ""slant"" pattern.",3749,3.5700000000000003,24.0,0.9652777779999999
152,4,,03:50,TWO-POINT CONVERSION ATTEMPT. 18-K.Orton pass to 88-D.Bryant is incomplete. ATTEMPT FAILS.,3774,3.5,16.0,0.965972222
153,4,2013-12-30T04:13:31+00:00,03:50,5-D.Bailey kicks 60 yards from DAL 35 to PHI 5. 16-B.Smith ran ob at PHI 16 for 11 yards (42-B.Church).,3789,3.5,25.3,
154,4,2013-12-30T04:14:32+00:00,03:45,(3:45) (No Huddle) 25-L.McCoy up the middle to PHI 18 for 2 yards (51-K.Wilber).,3820,3.4499999999999993,27.0,
155,4,2013-12-30T04:15:14+00:00,03:03,(3:03) 25-L.McCoy up the middle to PHI 22 for 4 yards (54-B.Carter).,3841,3.0299999999999994,28.1,
156,4,2013-12-30T04:15:58+00:00,02:19,"(2:19) (No Huddle, Shotgun) 9-N.Foles sacked at PHI 19 for -3 yards (57-D.Holloman).",3862,2.1899999999999995,48.1,
157,4,2013-12-30T04:18:41+00:00,01:59,"(1:59) (Punt formation) 8-D.Jones punts 56 yards to DAL 25, Center-46-J.Dorenbos. 17-D.Harris to DAL 32 for 7 yards (21-R.Carmichael; 54-J.Knott).",3899,1.5899999999999999,32.1,0.9690000000000001
158,4,2013-12-30T04:19:38+00:00,01:49,(1:49) (Shotgun) 18-K.Orton pass short middle intended for 19-M.Austin INTERCEPTED by 22-B.Boykin at DAL 40. 22-B.Boykin to DAL 34 for 6 yards (65-R.Leary).,3925,1.4900000000000002,1.0,0.9722222220000001
159,4,2013-12-30T04:20:50+00:00,01:43,(1:43) 25-L.McCoy up the middle to DAL 28 for 6 yards (38-J.Heath).,3952,1.4299999999999997,0.7,
160,4,2013-12-30T04:21:56+00:00,01:36,(1:36) 25-L.McCoy right tackle to DAL 23 for 5 yards (94-D.Ware).,3991,1.3599999999999994,0.3,0.973611111
161,4,2013-12-30T04:23:01+00:00,00:47,(:47) 9-N.Foles kneels to DAL 25 for -2 yards.,4012,0.47000000000000064,0.0,
162,4,2013-12-30T04:23:07+00:00,00:25,(:25) 9-N.Foles kneels to DAL 27 for -2 yards.,4033,0.25,4.8,0.9743055559999999
