,quarter,wall,clock,desc,play_id,game_time,pfr,andrew
0,1,2014-01-05T01:14:53+00:00,15:00,6-A.Henery kicks 58 yards from PHI 35 to NO 7. 43-D.Sproles to NO 27 for 20 yards.,44,60.0,55.2,0.843402778
1,1,2014-01-05T01:15:35+00:00,14:54,(14:54) 22-M.Ingram right tackle pushed ob at NO 44 for 17 yards (23-P.Chung).,66,59.54,51.9,
2,1,2014-01-05T01:16:11+00:00,14:27,(14:27) (Shotgun) 43-D.Sproles left end to NO 49 for 5 yards (59-D.Ryans).,87,59.269999999999996,51.5,
3,1,2014-01-05T01:16:41+00:00,13:57,(13:57) 22-M.Ingram right tackle to PHI 45 for 6 yards (98-C.Barwin).,108,58.57,49.6,
4,1,2014-01-05T01:17:19+00:00,13:18,(13:18) 9-D.Brees pass incomplete short left to 82-B.Watson (58-T.Cole).,129,58.18,51.2,
5,1,2014-01-05T01:17:57+00:00,13:14,(13:14) (Shotgun) 9-D.Brees pass incomplete deep right to 43-D.Sproles.,164,58.14,53.2,
6,1,2014-01-05T01:20:25+00:00,13:08,(13:08) (Shotgun) 9-D.Brees pass short right to 84-K.Stills to PHI 37 for 8 yards (59-D.Ryans).,210,58.08,54.9,
7,1,2014-01-05T01:21:13+00:00,12:20,"(12:20) (Run formation) PENALTY on NO-9-D.Brees, False Start, 5 yards, enforced at PHI 37 - No Play.",235,57.2,55.8,
8,1,2014-01-05T01:22:00+00:00,12:20,"(12:20) 6-T.Morstead punts 26 yards to PHI 16, Center-47-J.Drescher, fair catch by 10-D.Jackson.",258,57.2,56.8,0.848263889
9,1,2014-01-05T01:24:29+00:00,12:13,(12:13) (Shotgun) 9-N.Foles pass incomplete short right to 10-D.Jackson.,282,57.13,55.2,0.850347222
10,1,2014-01-05T01:24:58+00:00,12:09,(12:09) (No Huddle) 25-L.McCoy left tackle to PHI 19 for 3 yards (77-B.Bunkley).,304,57.09,54.3,
11,1,2014-01-05T01:25:29+00:00,11:38,"(11:38) (No Huddle, Shotgun) 9-N.Foles pass short middle to 86-Z.Ertz to PHI 34 for 15 yards (27-M.Jenkins).",325,56.38,60.7,
12,1,2014-01-05T01:25:56+00:00,11:11,"(11:11) (No Huddle, Shotgun) 25-L.McCoy left end to PHI 36 for 2 yards (93-J.Galette).",349,56.11,59.9,
13,1,2014-01-05T01:26:28+00:00,10:39,(10:39) (No Huddle) 9-N.Foles pass short right to 81-J.Avant to PHI 38 for 2 yards (28-K.Lewis).,370,55.39,58.6,
14,1,2014-01-05T01:27:03+00:00,10:04,"(10:04) (No Huddle, Shotgun) 9-N.Foles pass incomplete short left to 25-L.McCoy.",394,55.04,54.5,
15,1,2014-01-05T01:27:34+00:00,10:01,"(10:01) 8-D.Jones punts 48 yards to NO 14, Center-46-J.Dorenbos, downed by PHI-21-R.Carmichael.",416,55.01,57.9,0.852430556
16,1,2014-01-05T01:30:14+00:00,09:50,(9:50) 29-K.Robinson left end to NO 18 for 4 yards (58-T.Cole).,435,54.5,57.7,0.856597222
17,1,2014-01-05T01:30:48+00:00,09:16,(9:16) 9-D.Brees pass incomplete short left to 22-M.Ingram.,456,54.16,59.8,
18,1,2014-01-05T01:31:30+00:00,09:11,(9:11) (Shotgun) 9-D.Brees pass short left to 22-M.Ingram to NO 21 for 3 yards (95-M.Kendricks).,478,54.11,62.9,
19,1,2014-01-05T01:32:08+00:00,08:33,"(8:33) 6-T.Morstead punts 32 yards to PHI 47, Center-47-J.Drescher, out of bounds.",502,53.33,63.2,0.8586805559999999
20,1,2014-01-05T01:35:02+00:00,08:26,(8:26) (Shotgun) 9-N.Foles left end to 50 for 3 yards (94-C.Jordan).,520,53.26,62.8,0.8600694440000001
21,1,2014-01-05T01:35:22+00:00,08:07,(8:07) (No Huddle) 25-L.McCoy up the middle to PHI 46 for -4 yards (94-C.Jordan).,541,53.07,59.1,
22,1,2014-01-05T01:35:57+00:00,07:32,"(7:32) (No Huddle, Shotgun) 9-N.Foles pass short right to 25-L.McCoy ran ob at NO 47 for 7 yards (28-K.Lewis).",562,52.32,57.3,
23,1,2014-01-05T01:36:27+00:00,07:12,"(7:12) 8-D.Jones punts 47 yards to end zone, Center-46-J.Dorenbos, Touchback.",586,52.12,56.0,
24,1,2014-01-05T01:39:10+00:00,07:02,(7:02) 22-M.Ingram right tackle to NO 27 for 7 yards (29-N.Allen).,603,52.019999999999996,54.7,
25,1,2014-01-05T01:39:52+00:00,06:20,(6:20) 22-M.Ingram right end to NO 30 for 3 yards (77-D.Square).,624,51.2,53.8,
26,1,2014-01-05T01:40:29+00:00,05:43,(5:43) 9-D.Brees pass deep left to 80-J.Graham to PHI 49 for 21 yards (26-C.Williams).,645,50.43,49.3,
27,1,2014-01-05T01:41:06+00:00,05:06,(5:06) 9-D.Brees pass deep right intended for 84-K.Stills INTERCEPTED by 24-B.Fletcher at PHI 3. 24-B.Fletcher to PHI 27 for 24 yards (22-M.Ingram).,669,50.06,59.1,0.862152778
28,1,2014-01-05T01:42:14+00:00,04:51,(4:51) (Shotgun) 9-N.Foles pass short left to 14-R.Cooper to PHI 33 for 6 yards (57-D.Hawthorne).,695,49.51,59.9,0.8628472220000001
29,1,2014-01-05T01:42:40+00:00,04:25,"(4:25) (No Huddle, Shotgun) 9-N.Foles pass incomplete deep left to 14-R.Cooper.",719,49.25,57.7,
30,1,2014-01-05T01:43:20+00:00,04:19,"(4:19) (No Huddle, Shotgun) 9-N.Foles pass short left to 81-J.Avant to PHI 39 for 6 yards (27-M.Jenkins).",741,49.19,61.6,
31,1,2014-01-05T01:43:58+00:00,03:41,(3:41) (No Huddle) 25-L.McCoy up the middle to PHI 44 for 5 yards (41-R.Harper).,765,48.41,62.0,
32,1,2014-01-05T01:44:27+00:00,03:12,"(3:12) (No Huddle, Shotgun) 9-N.Foles pass deep left to 87-B.Celek to NO 32 for 24 yards (25-R.Bush).",786,48.120000000000005,67.5,
33,1,2014-01-05T01:44:53+00:00,02:46,"(2:46) (No Huddle, Shotgun) 9-N.Foles pass short middle to 25-L.McCoy to NO 29 for 3 yards (57-D.Hawthorne).",810,47.46,67.0,
34,1,2014-01-05T01:45:20+00:00,02:19,(2:19) (No Huddle) 25-L.McCoy right end to NO 23 for 6 yards (28-K.Lewis).,834,47.19,67.3,0.8649305559999999
35,1,2014-01-05T01:48:18+00:00,01:55,(1:55) 25-L.McCoy left end to NO 23 for no gain (77-B.Bunkley). NO-76-A.Hicks was injured during the play.,872,46.55,63.3,0.866319444
36,1,2014-01-05T01:51:15+00:00,01:24,(1:24) (Shotgun) 25-L.McCoy right tackle to NO 15 for 8 yards (24-C.White).,893,46.24,70.9,0.868402778
37,1,2014-01-05T01:51:49+00:00,00:50,"(:50) (No Huddle, Shotgun) 9-N.Foles pass short left to 87-B.Celek to NO 23 for -8 yards (50-C.Lofton).",918,45.5,66.0,
38,1,2014-01-05T01:52:27+00:00,00:11,"(:11) (No Huddle, Shotgun) 9-N.Foles sacked at NO 34 for -11 yards (94-C.Jordan).",942,45.11,59.2,
39,2,2014-01-05T01:55:36+00:00,15:00,(15:00) (Shotgun) 25-L.McCoy left guard to NO 30 for 4 yards (96-T.Johnson; 30-T.Wade).,977,45.0,61.1,0.870486111
40,2,2014-01-05T01:56:10+00:00,14:26,"(14:26) 6-A.Henery 48 yard field goal is No Good, Wide Left, Center-46-J.Dorenbos, Holder-8-D.Jones.",998,44.26,51.3,0.872569444
41,2,2014-01-05T01:57:05+00:00,14:22,(14:22) 29-K.Robinson left end to NO 45 for 7 yards (59-D.Ryans).,1018,44.22,49.9,0.8732638890000001
42,2,2014-01-05T01:57:39+00:00,13:48,(13:48) 29-K.Robinson right end to NO 47 for 2 yards (95-M.Kendricks; 59-D.Ryans).,1039,43.480000000000004,51.4,
43,2,2014-01-05T01:58:15+00:00,13:12,(13:12) 9-D.Brees up the middle to PHI 49 for 4 yards (72-C.Thornton).,1060,43.12,48.2,
44,2,2014-01-05T01:58:56+00:00,12:31,(12:31) 9-D.Brees pass short right to 22-M.Ingram to PHI 38 for 11 yards (98-C.Barwin).,1081,42.31,45.5,
45,2,2014-01-05T01:59:27+00:00,12:00,(12:00) 22-M.Ingram right end to PHI 37 for 1 yard (96-B.Logan).,1105,42.0,46.9,
46,2,2014-01-05T02:00:08+00:00,11:18,(11:18) (Shotgun) 9-D.Brees pass short right to 43-D.Sproles to PHI 31 for 6 yards (24-B.Fletcher).,1126,41.18,46.4,
47,2,2014-01-05T02:00:50+00:00,10:37,(10:37) 43-D.Sproles right end to PHI 23 for 8 yards (72-C.Thornton).,1150,40.37,41.6,
48,2,2014-01-05T02:01:35+00:00,09:52,(9:52) (Shotgun) 9-D.Brees pass incomplete short right to 43-D.Sproles.,1171,39.519999999999996,43.3,
49,2,2014-01-05T02:02:18+00:00,09:48,(9:48) (Shotgun) 9-D.Brees pass short middle to 22-M.Ingram to PHI 20 for 3 yards (95-M.Kendricks).,1193,39.480000000000004,44.4,
50,2,2014-01-05T02:02:58+00:00,09:08,"(9:08) (Shotgun) 9-D.Brees pass short middle to 80-J.Graham to PHI 15 for 5 yards (59-D.Ryans). FUMBLES (59-D.Ryans), RECOVERED by PHI-91-F.Cox at PHI 15. 91-F.Cox to PHI 13 for -2 yards (66-B.Grubbs). The Replay Assistant challenged the fumble ruling, and the play was REVERSED. (Shotgun) 9-D.Brees pass short middle to 80-J.Graham to PHI 14 for 6 yards (29-N.Allen).",1217,39.08,46.2,0.8767361109999999
51,2,2014-01-05T02:08:36+00:00,08:50,"(8:50) (Run formation) PENALTY on NO-82-B.Watson, False Start, 5 yards, enforced at PHI 14 - No Play.",1290,38.5,47.8,0.880208333
52,2,2014-01-05T02:09:22+00:00,08:41,"(8:41) 3-S.Graham 36 yard field goal is GOOD, Center-47-J.Drescher, Holder-7-L.McCown.",1328,38.41,44.9,0.881597222
53,2,2014-01-05T02:11:52+00:00,08:37,6-T.Morstead kicks 66 yards from NO 35 to PHI -1. 16-B.Smith to PHI 22 for 23 yards (38-R.Sweeting).,1347,38.37,46.4,0.8829861109999999
54,2,2014-01-05T02:12:38+00:00,08:32,(8:32) 25-L.McCoy right end to PHI 23 for 1 yard (28-K.Lewis).,1369,38.32,44.9,
55,2,2014-01-05T02:13:07+00:00,08:02,"(8:02) (No Huddle, Shotgun) 9-N.Foles pass short right to 81-J.Avant to PHI 29 for 6 yards (27-M.Jenkins).",1390,38.019999999999996,45.1,
56,2,2014-01-05T02:13:32+00:00,07:37,"(7:37) (No Huddle, Shotgun) 9-N.Foles pass incomplete deep middle to 87-B.Celek (41-R.Harper).",1414,37.37,39.4,
57,2,2014-01-05T02:14:08+00:00,07:27,"(7:27) 8-D.Jones punts 53 yards to NO 18, Center-46-J.Dorenbos. 43-D.Sproles to NO 32 for 14 yards (50-C.Matthews).",1436,37.269999999999996,40.7,0.884375
58,2,2014-01-05T02:16:54+00:00,07:21,(7:21) 9-D.Brees pass short left to 12-M.Colston to NO 42 for 10 yards (26-C.Williams; 59-D.Ryans).,1461,37.21,38.3,0.886458333
59,2,2014-01-05T02:17:32+00:00,06:43,(6:43) (Shotgun) 22-M.Ingram right end to NO 46 for 4 yards (58-T.Cole).,1485,36.43,38.1,
60,2,2014-01-05T02:18:07+00:00,06:08,(6:08) (Shotgun) 9-D.Brees scrambles up the middle to PHI 49 for 5 yards (59-D.Ryans).,1506,36.08,38.0,
61,2,2014-01-05T02:18:49+00:00,05:25,(5:25) 29-K.Robinson right tackle to PHI 44 for 5 yards (95-M.Kendricks).,1527,35.25,34.3,
62,2,2014-01-05T02:19:29+00:00,04:46,(4:46) 22-M.Ingram left end pushed ob at PHI 41 for 3 yards (26-C.Williams).,1548,34.46,34.6,
63,2,2014-01-05T02:20:08+00:00,04:19,(4:19) (Shotgun) 9-D.Brees pass short left intended for 16-L.Moore INTERCEPTED by 59-D.Ryans at PHI 33. 59-D.Ryans ran ob at NO 44 for 23 yards (72-T.Armstead).,1569,34.19,54.2,0.888541667
64,2,2014-01-05T02:21:07+00:00,04:12,(4:12) 9-N.Foles pass deep middle to 14-R.Cooper to NO 22 for 22 yards (25-R.Bush).,1595,34.120000000000005,59.8,0.8899305559999999
65,2,2014-01-05T02:21:49+00:00,03:31,"(3:31) (No Huddle, Shotgun) 9-N.Foles pass short left to 86-Z.Ertz to NO 18 for 4 yards (50-C.Lofton).",1619,33.31,59.9,
66,2,2014-01-05T02:22:24+00:00,02:55,"(2:55) (No Huddle, Shotgun) 25-L.McCoy left end to NO 11 for 7 yards (57-D.Hawthorne).",1643,32.55,62.6,
67,2,2014-01-05T02:23:04+00:00,02:15,(2:15) (No Huddle) 9-N.Foles pass short right to 81-J.Avant to NO 10 for 1 yard (98-P.Haralson). NO-98-P.Haralson was injured during the play. His return is Probable.,1664,32.15,60.6,
68,2,2014-01-05T02:29:03+00:00,02:00,(2:00) (Shotgun) 9-N.Foles pass incomplete short right to 86-Z.Ertz.,1709,32.0,56.6,0.8913194440000001
69,2,2014-01-05T02:29:39+00:00,01:55,"(1:55) (No Huddle, Shotgun) 9-N.Foles pass short left to 14-R.Cooper for 10 yards, TOUCHDOWN.",1731,31.55,67.0,0.895486111
70,2,2014-01-05T02:30:28+00:00,01:48,"6-A.Henery extra point is GOOD, Center-46-J.Dorenbos, Holder-8-D.Jones.",1756,31.48,70.6,
71,2,2014-01-05T02:31:53+00:00,01:48,6-A.Henery kicks 61 yards from PHI 35 to NO 4. 43-D.Sproles to NO 25 for 21 yards (32-C.Polk).,1772,31.48,68.5,0.896875
72,2,2014-01-05T02:32:38+00:00,01:43,(1:43) (Shotgun) 9-D.Brees pass short right to 80-J.Graham to NO 42 for 17 yards (98-C.Barwin).,1794,31.43,64.3,0.897569444
73,2,2014-01-05T02:33:09+00:00,01:37,"(1:37) (No Huddle, Shotgun) 43-D.Sproles up the middle to PHI 45 for 13 yards (29-N.Allen).",1818,31.37,61.0,
74,2,2014-01-05T02:33:33+00:00,01:13,"(1:13) (No Huddle, Shotgun) 9-D.Brees sacked at PHI 46 for -1 yards (55-B.Graham).",1839,31.13,63.6,0.8982638890000001
75,2,2014-01-05T02:34:41+00:00,01:05,"(1:05) (Shotgun) 9-D.Brees pass incomplete short right. PENALTY on PHI-91-F.Cox, Defensive Holding, 5 yards, enforced at PHI 46 - No Play.",1879,31.05,60.0,
76,2,2014-01-05T02:35:48+00:00,01:02,(1:02) (Shotgun) 9-D.Brees pass short right to 84-K.Stills to PHI 28 for 13 yards (24-B.Fletcher).,1912,31.02,56.5,
77,2,2014-01-05T02:36:12+00:00,00:37,(:37) (Shotgun) 9-D.Brees pass incomplete deep right to 80-J.Graham (29-N.Allen).,1936,30.369999999999997,58.7,
78,2,2014-01-05T02:36:54+00:00,00:34,(:34) (Shotgun) 9-D.Brees pass incomplete short right to 43-D.Sproles (98-C.Barwin).,1958,30.34,61.4,
79,2,2014-01-05T02:37:36+00:00,00:29,(:29) (Shotgun) 9-D.Brees sacked at PHI 28 for 0 yards (58-T.Cole).,1980,30.29,64.9,0.901041667
80,2,2014-01-05T02:39:05+00:00,00:03,"(:03) 3-S.Graham 46 yard field goal is GOOD, Center-47-J.Drescher, Holder-7-L.McCown.",2025,30.03,59.3,0.901736111
81,3,2014-01-05T02:52:55+00:00,15:00,6-T.Morstead kicks 59 yards from NO 35 to PHI 6. 16-B.Smith to PHI 25 for 19 yards (53-R.Humber).,2060,30.0,61.8,0.911458333
82,3,2014-01-05T02:53:37+00:00,14:55,"(14:55) (No Huddle, Shotgun) 9-N.Foles pass short right to 81-J.Avant to PHI 31 for 6 yards (28-K.Lewis).",2082,29.55,62.8,
83,3,2014-01-05T02:54:09+00:00,14:24,"(14:24) (No Huddle, Shotgun) 9-N.Foles pass incomplete short right. PENALTY on PHI-9-N.Foles, Intentional Grounding, 13 yards, enforced at PHI 31.",2106,29.240000000000002,52.1,
84,3,2014-01-05T02:55:08+00:00,14:17,(14:17) 9-N.Foles sacked at PHI 10 for -8 yards (sack split by 76-A.Hicks and 94-C.Jordan).,2128,29.17,48.9,
85,3,2014-01-05T02:55:42+00:00,13:48,"(13:48) 8-D.Jones punts 55 yards to NO 35, Center-46-J.Dorenbos. 43-D.Sproles to NO 47 for 12 yards (30-C.Anderson).",2159,28.48,50.6,0.9135416670000001
86,3,2014-01-05T02:56:39+00:00,13:42,(13:42) 22-M.Ingram right end to NO 49 for 2 yards (91-F.Cox).,2184,28.42,51.7,0.9142361109999999
87,3,2014-01-05T02:57:16+00:00,13:05,(13:05) 22-M.Ingram left end to PHI 47 for 4 yards (91-F.Cox).,2205,28.05,52.4,
88,3,2014-01-05T02:57:55+00:00,12:26,(12:26) (Shotgun) 9-D.Brees pass short right to 16-L.Moore to PHI 40 for 7 yards (29-N.Allen).,2226,27.259999999999998,46.6,
89,3,2014-01-05T02:58:31+00:00,11:50,(11:50) 22-M.Ingram right end to PHI 22 for 18 yards (29-N.Allen).,2250,26.5,41.3,
90,3,2014-01-05T02:59:15+00:00,11:06,"(11:06) 29-K.Robinson left end to PHI 22 for no gain (72-C.Thornton). PENALTY on NO-89-J.Hill, Offensive Holding, 10 yards, enforced at PHI 22 - No Play.",2271,26.060000000000002,43.9,
91,3,2014-01-05T03:00:09+00:00,10:52,(10:52) (Shotgun) 9-D.Brees pass short left to 43-D.Sproles to PHI 24 for 8 yards (26-C.Williams).,2303,25.52,44.5,
92,3,2014-01-05T03:00:45+00:00,10:16,"(10:16) (Shotgun) 9-D.Brees pass short right to 16-L.Moore for 24 yards, TOUCHDOWN.",2327,25.16,32.6,0.917013889
93,3,2014-01-05T03:01:37+00:00,10:08,"3-S.Graham extra point is GOOD, Center-47-J.Drescher, Holder-7-L.McCown.",2347,25.08,28.6,
94,3,2014-01-05T03:04:05+00:00,10:08,6-T.Morstead kicks 65 yards from NO 35 to PHI 0. 16-B.Smith to PHI 24 for 24 yards (52-K.Reddick).,2363,25.08,30.6,0.919097222
95,3,2014-01-05T03:06:44+00:00,10:03,(10:03) (Shotgun) 25-L.McCoy up the middle to PHI 26 for 2 yards (76-A.Hicks).,2385,25.03,29.5,0.920486111
96,3,2014-01-05T03:07:08+00:00,09:39,(9:39) (No Huddle) 25-L.McCoy left end to PHI 30 for 4 yards (92-J.Jenkins).,2406,24.39,28.6,
97,3,2014-01-05T03:08:44+00:00,08:59,(8:59) (Shotgun) 9-N.Foles pass incomplete short right to 14-R.Cooper.,2444,23.59,22.7,
98,3,2014-01-05T03:09:15+00:00,08:55,"(8:55) 8-D.Jones punts 41 yards to NO 29, Center-46-J.Dorenbos. 43-D.Sproles to NO 34 for 5 yards (42-K.Coleman).",2466,23.55,23.3,0.9225694440000001
99,3,2014-01-05T03:11:55+00:00,08:46,(8:46) 22-M.Ingram right tackle to NO 37 for 3 yards (59-D.Ryans).,2491,23.46,23.7,0.924652778
100,3,2014-01-05T03:12:34+00:00,08:08,(8:08) 22-M.Ingram right end to NO 42 for 5 yards (24-B.Fletcher).,2512,23.08,23.4,
101,3,2014-01-05T03:14:22+00:00,07:23,"(7:23) (Shotgun) 9-D.Brees pass short right to 12-M.Colston to 50 for 8 yards (29-N.Allen). PHI-26-C.Williams was injured during the play. His return is Probable.  PENALTY on NO-72-T.Armstead, Offensive Holding, 10 yards, enforced at NO 42 - No Play.",2550,22.23,28.1,
102,3,2014-01-05T03:16:03+00:00,07:01,(7:01) (Shotgun) 9-D.Brees pass short left to 84-K.Stills pushed ob at NO 46 for 14 yards (21-R.Carmichael).,2585,22.009999999999998,19.3,
103,3,2014-01-05T03:16:45+00:00,06:19,(6:19) 9-D.Brees pass deep left to 82-B.Watson pushed ob at PHI 27 for 27 yards (26-C.Williams).,2618,21.19,13.4,
104,3,2014-01-05T03:17:24+00:00,05:49,(5:49) (No Huddle) 22-M.Ingram left end pushed ob at PHI 17 for 10 yards (23-P.Chung).,2642,20.490000000000002,11.4,
105,3,2014-01-05T03:18:12+00:00,05:20,(5:20) (Shotgun) 9-D.Brees pass short left to 43-D.Sproles to PHI 8 for 9 yards (23-P.Chung).,2668,20.2,8.8,
106,3,2014-01-05T03:18:56+00:00,04:36,(4:36) 22-M.Ingram up the middle to PHI 4 for 4 yards (91-F.Cox).,2692,19.36,6.8,
107,3,2014-01-05T03:19:33+00:00,03:59,"(3:59) (Shotgun) 22-M.Ingram right guard for 4 yards, TOUCHDOWN.",2713,18.59,7.0,0.9302083329999999
108,3,2014-01-05T03:20:26+00:00,03:54,"3-S.Graham extra point is GOOD, Center-47-J.Drescher, Holder-7-L.McCown.",2735,18.54,5.4,
109,3,2014-01-05T03:22:49+00:00,03:54,6-T.Morstead kicks 65 yards from NO 35 to PHI 0. 16-B.Smith ran ob at PHI 35 for 35 yards (54-W.Herring).,2751,18.54,7.4,0.932291667
110,3,2014-01-05T03:25:34+00:00,03:48,(3:48) (Shotgun) 25-L.McCoy left end to PHI 46 for 11 yards (25-R.Bush).,2773,18.48,8.8,0.933680556
111,3,2014-01-05T03:26:11+00:00,03:11,(3:11) (No Huddle) 9-N.Foles pass incomplete short right to 81-J.Avant (28-K.Lewis).,2794,18.11,7.3,
112,3,2014-01-05T03:28:19+00:00,03:06,"(3:06) (Shotgun) PENALTY on NO-93-J.Galette, Neutral Zone Infraction, 5 yards, enforced at PHI 46 - No Play.",2816,18.060000000000002,8.6,
113,3,2014-01-05T03:29:01+00:00,03:06,(3:06) (Shotgun) 9-N.Foles pass deep right to 10-D.Jackson to NO 9 for 40 yards (24-C.White).,2839,18.060000000000002,16.9,
114,3,2014-01-05T03:29:43+00:00,02:24,"(2:24) (No Huddle, Shotgun) 9-N.Foles pass short right to 10-D.Jackson ran ob at NO 6 for 3 yards.",2863,17.240000000000002,15.7,
115,3,2014-01-05T03:30:16+00:00,02:00,"(2:00) (No Huddle, Shotgun) 25-L.McCoy left tackle to NO 2 for 4 yards (92-J.Jenkins).",2887,17.0,15.3,
116,3,2014-01-05T03:30:56+00:00,01:19,"(1:19) (No Huddle, Shotgun) 25-L.McCoy right tackle to NO 1 for 1 yard (76-A.Hicks).",2908,16.189999999999998,10.6,
117,3,2014-01-05T03:31:41+00:00,00:35,"(:35) (No Huddle, Shotgun) 25-L.McCoy up the middle for 1 yard, TOUCHDOWN.",2929,15.35,17.8,0.937847222
118,3,2014-01-05T03:32:19+00:00,00:32,"6-A.Henery extra point is GOOD, Center-46-J.Dorenbos, Holder-8-D.Jones.",2946,15.32,21.8,
119,3,2014-01-05T03:33:47+00:00,00:32,"6-A.Henery kicks 65 yards from PHI 35 to end zone, Touchback.",2962,15.32,20.6,0.9392361109999999
120,3,2014-01-05T03:34:35+00:00,00:32,(:32) 9-D.Brees pass incomplete short right to 45-J.Collins [55-B.Graham].,2977,15.32,22.9,
121,3,2014-01-05T03:35:20+00:00,00:26,"(:26) 22-M.Ingram right end to NO 20 for no gain (95-M.Kendricks). PENALTY on NO-60-B.De La Puente, Offensive Holding, 10 yards, enforced at NO 20 - No Play.",2999,15.26,28.7,
122,3,2014-01-05T03:36:13+00:00,00:10,(:10) 9-D.Brees pass short left to 89-J.Hill to NO 19 for 9 yards (96-B.Logan).,3031,15.1,26.6,
123,4,2014-01-05T03:39:04+00:00,15:00,(15:00) (Shotgun) 43-D.Sproles right end to NO 22 for 3 yards (75-V.Curry).,3071,15.0,30.3,0.940625
124,4,2014-01-05T03:39:40+00:00,14:25,"(14:25) 6-T.Morstead punts 47 yards to PHI 31, Center-47-J.Drescher. 10-D.Jackson ran ob at NO 40 for 29 yards (57-D.Hawthorne).",3092,14.25,35.4,0.944097222
125,4,2014-01-05T03:40:40+00:00,14:13,(14:13) (Shotgun) 25-L.McCoy left guard to NO 38 for 2 yards (92-J.Jenkins).,3122,14.13,33.7,
126,4,2014-01-05T03:41:06+00:00,13:47,"(13:47) (No Huddle, Shotgun) 9-N.Foles pass short left to 14-R.Cooper ran ob at NO 30 for 8 yards.",3143,13.47,38.8,
127,4,2014-01-05T03:41:32+00:00,13:32,"(13:32) (No Huddle, Shotgun) 9-N.Foles pass short left to 14-R.Cooper to NO 16 for 14 yards (38-R.Sweeting).",3171,13.32,44.3,
128,4,2014-01-05T03:42:16+00:00,12:48,"(12:48) (No Huddle, Shotgun) 9-N.Foles pass incomplete deep right to 10-D.Jackson.",3195,12.48,40.1,
129,4,2014-01-05T03:42:50+00:00,12:43,"(12:43) (No Huddle, Shotgun) 25-L.McCoy left end to NO 12 for 4 yards (57-D.Hawthorne).",3217,12.43,39.0,
130,4,2014-01-05T03:43:22+00:00,12:11,"(12:11) (No Huddle, Shotgun) 9-N.Foles pass short middle to 25-L.McCoy to NO 7 for 5 yards (50-C.Lofton).",3238,12.11,34.2,
131,4,2014-01-05T03:44:09+00:00,11:24,"(11:24) (Field Goal formation) PENALTY on PHI-64-M.Tobin, False Start, 5 yards, enforced at NO 7 - No Play.",3262,11.24,31.3,
132,4,2014-01-05T03:45:01+00:00,11:17,"(11:17) 6-A.Henery 31 yard field goal is GOOD, Center-46-J.Dorenbos, Holder-8-D.Jones.",3291,11.17,33.3,0.9475694440000001
133,4,2014-01-05T03:47:20+00:00,11:14,6-A.Henery kicks 58 yards from PHI 35 to NO 7. 43-D.Sproles to NO 25 for 18 yards (55-B.Graham).,3311,11.14,29.5,0.948958333
134,4,2014-01-05T03:48:11+00:00,11:09,(11:09) 22-M.Ingram left end to NO 29 for 4 yards (58-T.Cole).,3333,11.09,29.5,
135,4,2014-01-05T03:48:46+00:00,10:33,(10:33) (Shotgun) 9-D.Brees pass short left to 43-D.Sproles ran ob at NO 37 for 8 yards (95-M.Kendricks).,3354,10.33,24.2,
136,4,2014-01-05T03:49:27+00:00,10:05,(10:05) 9-D.Brees pass deep middle to 17-R.Meachem to PHI 23 for 40 yards (23-P.Chung).,3378,10.05,11.6,
137,4,2014-01-05T03:50:09+00:00,09:23,(9:23) (Shotgun) 84-K.Stills right end to PHI 22 for 1 yard (96-B.Logan).,3402,9.23,12.1,
138,4,2014-01-05T03:50:46+00:00,08:46,(8:46) 29-K.Robinson left end to PHI 17 for 5 yards (96-B.Logan). PHI-91-F.Cox was injured during the play. His return is Probable.,3423,8.46,11.1,
139,4,2014-01-05T03:52:22+00:00,08:15,(8:15) (Shotgun) 9-D.Brees pass incomplete short right to 16-L.Moore.,3444,8.15,15.7,
140,4,2014-01-05T03:53:04+00:00,08:09,"(8:09) 3-S.Graham 35 yard field goal is GOOD, Center-47-J.Drescher, Holder-7-L.McCown.",3470,8.09,12.8,0.953125
141,4,2014-01-05T03:55:30+00:00,08:04,6-T.Morstead kicks 65 yards from NO 35 to PHI 0. 16-B.Smith to PHI 23 for 23 yards (58-K.Knox).,3489,8.04,14.8,0.954513889
142,4,2014-01-05T03:58:19+00:00,07:59,(7:59) (Shotgun) 25-L.McCoy left end to PHI 28 for 5 yards (50-C.Lofton).,3511,7.59,15.3,0.9565972220000001
143,4,2014-01-05T03:58:53+00:00,07:25,"(7:25) (No Huddle, Shotgun) 25-L.McCoy right tackle ran ob at PHI 36 for 8 yards.",3532,7.25,18.0,
144,4,2014-01-05T03:59:19+00:00,07:09,"(7:09) (No Huddle, Shotgun) 9-N.Foles pass incomplete short right to 10-D.Jackson.",3558,7.09,14.6,
145,4,2014-01-05T03:59:48+00:00,07:06,"(7:06) (No Huddle, Shotgun) 9-N.Foles pass short left to 10-D.Jackson ran ob at PHI 46 for 10 yards.",3580,7.06,21.2,
146,4,2014-01-05T04:00:22+00:00,06:44,"(6:44) (No Huddle, Shotgun) 9-N.Foles pass short left to 14-R.Cooper to NO 46 for 8 yards (38-R.Sweeting).",3604,6.440000000000001,24.1,
147,4,2014-01-05T04:00:53+00:00,06:13,"(6:13) (No Huddle, Shotgun) 25-L.McCoy left end to NO 43 for 3 yards (92-J.Jenkins).",3628,6.129999999999999,24.4,
148,4,2014-01-05T04:01:19+00:00,05:47,"(5:47) (No Huddle, Shotgun) 9-N.Foles pass incomplete deep right to 10-D.Jackson. PENALTY on NO-24-C.White, Defensive Pass Interference, 40 yards, enforced at NO 43 - No Play.",3649,5.469999999999999,57.1,
149,4,2014-01-05T04:02:18+00:00,05:40,(5:40) (Shotgun) 9-N.Foles pass short right to 25-L.McCoy to NO 3 for no gain (57-D.Hawthorne).,3682,5.4,47.8,
150,4,2014-01-05T04:03:00+00:00,04:58,"(4:58) (No Huddle, Shotgun) 9-N.Foles pass short right to 86-Z.Ertz for 3 yards, TOUCHDOWN.",3706,4.58,52.1,0.960069444
151,4,2014-01-05T04:03:39+00:00,04:54,"6-A.Henery extra point is GOOD, Center-46-J.Dorenbos, Holder-8-D.Jones.",3726,4.539999999999999,62.1,
152,4,2014-01-05T04:05:59+00:00,04:54,"6-A.Henery kicks 67 yards from PHI 35 to NO -2. 43-D.Sproles to NO 37 for 39 yards (26-C.Williams). PENALTY on PHI-26-C.Williams, Horse Collar Tackle, 15 yards, enforced at NO 37.",3742,4.539999999999999,38.0,0.962152778
153,4,2014-01-05T04:07:10+00:00,04:44,(4:44) 22-M.Ingram up the middle to PHI 49 for -1 yards (95-M.Kendricks; 55-B.Graham).,3775,4.440000000000001,44.6,
154,4,2014-01-05T04:07:47+00:00,04:07,(4:07) 29-K.Robinson up the middle to PHI 36 for 13 yards (29-N.Allen).,3796,4.07,28.6,
155,4,2014-01-05T04:08:31+00:00,03:24,(3:24) 22-M.Ingram right end to PHI 33 for 3 yards (59-D.Ryans).,3817,3.24,27.9,
156,4,2014-01-05T04:09:12+00:00,02:42,(2:42) 9-D.Brees pass short right to 12-M.Colston to PHI 27 for 6 yards (24-B.Fletcher).,3838,2.42,24.2,
157,4,2014-01-05T04:10:37+00:00,02:32,(2:32) 9-D.Brees up the middle to PHI 24 for 3 yards (59-D.Ryans).,3879,2.3200000000000003,15.4,
158,4,2014-01-05T04:13:37+00:00,02:00,(2:00) 29-K.Robinson right tackle to PHI 20 for 4 yards (95-M.Kendricks).,3917,2.0,12.5,0.965625
159,4,2014-01-05T04:14:45+00:00,01:54,(1:54) 29-K.Robinson right end to PHI 15 for 5 yards (59-D.Ryans).,3955,1.5399999999999991,10.3,0.9670138890000001
160,4,2014-01-05T04:16:37+00:00,01:11,(1:11) 9-D.Brees up the middle to PHI 14 for 1 yard (98-C.Barwin).,3976,1.1099999999999994,3.3,
161,4,2014-01-05T04:18:21+00:00,00:29,(:29) 9-D.Brees up the middle to PHI 14 for no gain (58-T.Cole).,4014,0.28999999999999915,1.1,
162,4,2014-01-05T04:19:44+00:00,00:03,"(:03) 3-S.Graham 32 yard field goal is GOOD, Center-47-J.Drescher, Holder-7-L.McCown.",4052,0.02999999999999936,0.0,0.971875
