Quarter,Time,Down,ToGo,Location,Detail,NOR,PHI,EPB,EPA,Win%
,,,,,1st Quarter,1st Quarter,1st Quarter,1st Quarter,1st Quarter,
1,15:00,,,PHI 35,Alex Henery kicks off 58 yards returned by Darren Sproles for 20 yards,0,0,0,0.74,55.2
1,14:54,1,10,NOR 27,Mark Ingram right tackle for 17 yards (tackle by Patrick Chung),0,0,0.74,1.86,51.9
1,14:27,1,10,NOR 44,Darren Sproles left end for 5 yards (tackle by DeMeco Ryans),0,0,1.86,1.99,51.5
1,13:57,2,5,NOR 49,Mark Ingram right tackle for 6 yards (tackle by Connor Barwin),0,0,1.99,2.59,49.6
1,13:18,1,10,PHI 45,Drew Brees pass incomplete short left intended for Ben Watson (defended by Trent Cole),0,0,2.59,2.04,51.2
1,13:14,2,10,PHI 45,Drew Brees pass incomplete deep right intended for Darren Sproles,0,0,2.04,1.36,53.2
1,13:08,3,10,PHI 45,Drew Brees pass complete short right to Kenny Stills for 8 yards (tackle by DeMeco Ryans),0,0,1.36,0.79,54.9
1,12:20,4,2,PHI 37,Penalty on Drew Brees: False Start 5 yards (no play),0,0,0.79,0.46,55.8
1,12:20,4,7,PHI 42,Thomas Morstead punts 26 yards fair catch by DeSean Jackson,0,0,0.46,0.14,56.8
1,12:13,1,10,PHI 16,Nick Foles pass incomplete short right intended for DeSean Jackson,0,0,-0.14,-0.66,55.2
1,12:09,2,10,PHI 16,LeSean McCoy left tackle for 3 yards (tackle by Brodrick Bunkley),0,0,-0.66,-0.95,54.3
1,11:38,3,7,PHI 19,Nick Foles pass complete short middle to Zach Ertz for 15 yards (tackle by Malcolm Jenkins),0,0,-0.95,1.2,60.7
1,11:11,1,10,PHI 34,LeSean McCoy left end for 2 yards (tackle by Junior Galette),0,0,1.2,0.93,59.9
1,10:39,2,8,PHI 36,Nick Foles pass complete short right to Jason Avant for 2 yards (tackle by Keenan Lewis),0,0,0.93,0.5,58.6
1,10:04,3,6,PHI 38,Nick Foles pass incomplete short left intended for LeSean McCoy,0,0,0.5,-0.85,54.5
1,10:01,4,6,PHI 38,Donnie Jones punts 48 yards,0,0,-0.85,0.28,57.9
1,9:50,1,10,NOR 14,Khiry Robinson left end for 4 yards (tackle by Trent Cole),0,0,-0.28,-0.21,57.7
1,9:16,2,6,NOR 18,Drew Brees pass incomplete short left intended for Mark Ingram,0,0,-0.21,-0.92,59.8
1,9:11,3,6,NOR 18,Drew Brees pass complete short left to Mark Ingram for 3 yards (tackle by Mychal Kendricks),0,0,-0.92,-1.96,62.9
1,8:33,4,3,NOR 21,Thomas Morstead punts 32 yards out of bounds,0,0,-1.96,-2.06,63.2
1,8:26,1,10,PHI 47,Nick Foles left end for 3 yards (tackle by Cameron Jordan),0,0,2.06,1.92,62.8
1,8:07,2,7,50,LeSean McCoy up the middle for -4 yards (tackle by Cameron Jordan),0,0,1.92,0.7,59.1
1,7:32,3,11,PHI 46,Nick Foles pass complete short right to LeSean McCoy for 7 yards (tackle by Keenan Lewis),0,0,0.7,0.13,57.3
1,7:12,4,4,NOR 47,Donnie Jones punts 47 yards touchback,0,0,0.13,-0.28,56.0
1,7:02,1,10,NOR 20,Mark Ingram right tackle for 7 yards (tackle by Nate Allen),0,0,0.28,0.68,54.7
1,6:20,2,3,NOR 27,Mark Ingram right end for 3 yards (tackle by Damion Square),0,0,0.68,0.94,53.8
1,5:43,1,10,NOR 30,Drew Brees pass complete deep left to Jimmy Graham for 21 yards (tackle by Cary Williams),0,0,0.94,2.32,49.3
1,5:06,1,10,PHI 49,Drew Brees pass incomplete deep right intended for Kenny Stills is intercepted by Bradley Fletcher at PHI-3 and returned for 24 yards (tackle by Mark Ingram),0,0,2.32,-0.74,59.1
1,4:51,1,10,PHI 27,Nick Foles pass complete short left to Riley Cooper for 6 yards (tackle by David Hawthorne),0,0,0.74,1.01,59.9
1,4:25,2,4,PHI 33,Nick Foles pass incomplete deep left intended for Riley Cooper,0,0,1.01,0.3,57.7
1,4:19,3,4,PHI 33,Nick Foles pass complete short left to Jason Avant for 6 yards (tackle by Malcolm Jenkins),0,0,0.3,1.53,61.6
1,3:41,1,10,PHI 39,LeSean McCoy up the middle for 5 yards (tackle by Roman Harper),0,0,1.53,1.66,62.0
1,3:12,2,5,PHI 44,Nick Foles pass complete deep left to Brent Celek for 24 yards (tackle by Rafael Bush),0,0,1.66,3.45,67.5
1,2:46,1,10,NOR 32,Nick Foles pass complete short middle to LeSean McCoy for 3 yards (tackle by David Hawthorne),0,0,3.45,3.31,67.0
1,2:19,2,7,NOR 29,LeSean McCoy right end for 6 yards (tackle by Keenan Lewis),0,0,3.31,3.4,67.3
1,1:55,,,,Timeout #1 by New Orleans Saints,0,0,0,0,
1,1:55,3,1,NOR 23,LeSean McCoy left end for no gain (tackle by Brodrick Bunkley),0,0,3.4,2.08,63.3
1,1:24,4,1,NOR 23,LeSean McCoy right tackle for 8 yards (tackle by Corey White),0,0,2.08,4.58,70.9
1,0:50,1,10,NOR 15,Nick Foles pass complete short left to Brent Celek for -8 yards (tackle by Curtis Lofton),0,0,4.58,2.94,66.0
1,0:11,2,18,NOR 23,Nick Foles sacked by Cameron Jordan for -11 yards,0,0,2.94,0.83,59.2
Quarter,Time,Down,ToGo,Location,Detail,NOR,PHI,EPB,EPA,Win%
,,,,,2nd Quarter,2nd Quarter,2nd Quarter,2nd Quarter,2nd Quarter,
2,15:00,3,29,NOR 34,LeSean McCoy left guard for 4 yards (tackle by Tom Johnson and Trevin Wade),0,0,0.83,1.41,61.1
2,14:26,4,25,NOR 30,Alex Henery 48 yard field goal no good,0,0,1.41,-1.47,51.3
2,14:22,1,10,NOR 38,Khiry Robinson left end for 7 yards (tackle by DeMeco Ryans),0,0,1.47,1.87,49.9
2,13:48,2,3,NOR 45,Khiry Robinson right end for 2 yards (tackle by Mychal Kendricks and DeMeco Ryans),0,0,1.87,1.42,51.4
2,13:12,3,1,NOR 47,Drew Brees up the middle for 4 yards (tackle by Cedric Thornton),0,0,1.42,2.32,48.2
2,12:31,1,10,PHI 49,Drew Brees pass complete short right to Mark Ingram for 11 yards (tackle by Connor Barwin),0,0,2.32,3.05,45.5
2,12:00,1,10,PHI 38,Mark Ingram right end for 1 yard (tackle by Bennie Logan),0,0,3.05,2.64,46.9
2,11:18,2,9,PHI 37,Drew Brees pass complete short right to Darren Sproles for 6 yards (tackle by Bradley Fletcher),0,0,2.64,2.74,46.4
2,10:37,3,3,PHI 31,Darren Sproles right end for 8 yards (tackle by Cedric Thornton),0,0,2.74,4.04,41.6
2,9:52,1,10,PHI 23,Drew Brees pass incomplete short right intended for Darren Sproles,0,0,4.04,3.5,43.3
2,9:48,2,10,PHI 23,Drew Brees pass complete short middle to Mark Ingram for 3 yards (tackle by Mychal Kendricks),0,0,3.5,3.2,44.4
2,9:08,3,7,PHI 20,Drew Brees pass complete short middle to Jimmy Graham for 6 yards (tackle by Nate Allen),0,0,3.2,2.66,46.2
2,8:50,4,1,PHI 14,Penalty on Ben Watson: False Start 5 yards (no play),0,0,2.66,2.21,47.8
2,8:41,4,6,PHI 19,Shayne Graham 36 yard field goal good,3,0,2.21,3,44.9
2,8:37,,,NOR 35,Thomas Morstead kicks off 66 yards returned by Brad Smith for 23 yards (tackle by Rod Sweeting),3,0,0,0.41,46.4
2,8:32,1,10,PHI 22,LeSean McCoy right end for 1 yard (tackle by Keenan Lewis),3,0,0.41,0,44.9
2,8:02,2,9,PHI 23,Nick Foles pass complete short right to Jason Avant for 6 yards (tackle by Malcolm Jenkins),3,0,0,0.1,45.1
2,7:37,3,3,PHI 29,Nick Foles pass incomplete deep middle intended for Brent Celek (defended by Roman Harper),3,0,0.1,-1.44,39.4
2,7:27,4,3,PHI 29,Donnie Jones punts 53 yards returned by Darren Sproles for 14 yards (tackle by Casey Matthews),3,0,-1.44,-1.07,40.7
2,7:21,1,10,NOR 32,Drew Brees pass complete short left to Marques Colston for 10 yards (tackle by Cary Williams and DeMeco Ryans),3,0,1.07,1.73,38.3
2,6:43,1,10,NOR 42,Mark Ingram right end for 4 yards (tackle by Trent Cole),3,0,1.73,1.73,38.1
2,6:08,2,6,NOR 46,Drew Brees up the middle for 5 yards (tackle by DeMeco Ryans),3,0,1.73,1.69,38.0
2,5:25,3,1,PHI 49,Khiry Robinson right tackle for 5 yards (tackle by Mychal Kendricks),3,0,1.69,2.65,34.3
2,4:46,1,10,PHI 44,Mark Ingram left end for 3 yards (tackle by Cary Williams),3,0,2.65,2.52,34.6
2,4:19,2,7,PHI 41,Drew Brees pass incomplete short left intended for Lance Moore is intercepted by DeMeco Ryans at PHI-33 and returned for 23 yards (tackle by Terron Armstead),3,0,2.52,-2.65,54.2
2,4:12,1,10,NOR 44,Nick Foles pass complete deep middle to Riley Cooper for 22 yards (tackle by Rafael Bush),3,0,2.65,4.11,59.8
2,3:31,1,10,NOR 22,Nick Foles pass complete short left to Zach Ertz for 4 yards (tackle by Curtis Lofton),3,0,4.11,4.13,59.9
2,2:55,2,6,NOR 18,LeSean McCoy left end for 7 yards (tackle by David Hawthorne),3,0,4.13,4.84,62.6
2,2:15,1,10,NOR 11,Nick Foles pass complete short right to Jason Avant for 1 yard (tackle by Parys Haralson),3,0,4.84,4.32,60.6
2,2:00,2,9,NOR 10,Nick Foles pass incomplete short right intended for Zach Ertz,3,0,4.32,3.3,56.6
2,1:55,3,9,NOR 10,Nick Foles pass complete short left to Riley Cooper for 10 yards touchdown,3,6,3.3,7,67.0
2,1:55,,,,Alex Henery kicks extra point good,3,7,0,0,70.6
2,1:48,,,PHI 35,Alex Henery kicks off 61 yards returned by Darren Sproles for 21 yards (tackle by Chris Polk),3,7,0,0.61,68.5
2,1:43,1,10,NOR 25,Drew Brees pass complete short right to Jimmy Graham for 17 yards (tackle by Connor Barwin),3,7,0.61,1.73,64.3
2,1:37,1,10,NOR 42,Darren Sproles up the middle for 13 yards (tackle by Nate Allen),3,7,1.73,2.59,61.0
2,1:13,1,10,PHI 45,Drew Brees sacked by Brandon Graham for -1 yards,3,7,2.59,1.91,63.6
2,1:06,,,,Timeout #2 by New Orleans Saints,3,7,0,0,
2,1:05,2,11,PHI 46,Drew Brees pass incomplete. Penalty on Fletcher Cox: Defensive Holding 5 yards (no play),3,7,1.91,2.85,60.0
2,1:02,1,10,PHI 41,Drew Brees pass complete short right to Kenny Stills for 13 yards (tackle by Bradley Fletcher),3,7,2.85,3.71,56.5
2,0:37,1,10,PHI 28,Drew Brees pass incomplete deep right intended for Jimmy Graham (defended by Nate Allen),3,7,3.71,3.17,58.7
2,0:34,2,10,PHI 28,Drew Brees pass incomplete short right intended for Darren Sproles (defended by Connor Barwin),3,7,3.17,2.48,61.4
2,0:29,3,10,PHI 28,Drew Brees sacked by Trent Cole for 0 yards,3,7,2.48,1.59,64.9
2,0:03,,,,Timeout #3 by New Orleans Saints,3,7,0,0,
2,0:03,4,10,PHI 28,Shayne Graham 46 yard field goal good,6,7,1.59,3,59.3
,,,,,End of Half,6,7,0,0,
Quarter,Time,Down,ToGo,Location,Detail,NOR,PHI,EPB,EPA,Win%
,,,,,3rd Quarter,3rd Quarter,3rd Quarter,3rd Quarter,3rd Quarter,
3,15:00,,,NOR 35,Thomas Morstead kicks off 59 yards returned by Brad Smith for 19 yards (tackle by Ramon Humber),6,7,0,0.61,61.8
3,14:55,1,10,PHI 25,Nick Foles pass complete short right to Jason Avant for 6 yards (tackle by Keenan Lewis),6,7,0.61,0.87,62.8
3,14:24,2,4,PHI 31,Nick Foles pass incomplete. Penalty on Nick Foles: Intentional Grounding 13 yards,6,7,0.87,-1.72,52.1
3,14:17,3,17,PHI 18,Nick Foles sacked by Akiem Hicks and Cameron Jordan for -8 yards,6,7,-1.72,-2.49,48.9
3,13:48,4,25,PHI 10,Donnie Jones punts 55 yards returned by Darren Sproles for 12 yards (tackle by Colt Anderson),6,7,-2.49,-2.06,50.6
3,13:42,1,10,NOR 47,Mark Ingram right end for 2 yards (tackle by Fletcher Cox),6,7,2.06,1.79,51.7
3,13:05,2,8,NOR 49,Mark Ingram left end for 4 yards (tackle by Fletcher Cox),6,7,1.79,1.62,52.4
3,12:26,3,4,PHI 47,Drew Brees pass complete short right to Lance Moore for 7 yards (tackle by Nate Allen),6,7,1.62,2.92,46.6
3,11:50,1,10,PHI 40,Mark Ingram right end for 18 yards (tackle by Nate Allen),6,7,2.92,4.11,41.3
3,11:06,1,10,PHI 22,Khiry Robinson left end for no gain (tackle by Cedric Thornton). Penalty on Josh Hill: Offensive Holding 10 yards (no play),6,7,4.11,3.45,43.9
3,10:52,1,20,PHI 32,Drew Brees pass complete short left to Darren Sproles for 8 yards (tackle by Cary Williams),6,7,3.45,3.29,44.5
3,10:16,2,12,PHI 24,Drew Brees pass complete short right to Lance Moore for 24 yards touchdown,12,7,3.29,7,32.6
3,10:16,,,,Shayne Graham kicks extra point good,13,7,0,0,28.6
3,10:08,,,NOR 35,Thomas Morstead kicks off 65 yards returned by Brad Smith for 24 yards (tackle by Kevin Reddick),13,7,0,0.54,30.6
3,10:03,1,10,PHI 24,LeSean McCoy up the middle for 2 yards (tackle by Akiem Hicks),13,7,0.54,0.27,29.5
3,9:39,2,8,PHI 26,LeSean McCoy left end for 4 yards (tackle by John Jenkins),13,7,0.27,0.1,28.6
3,8:59,,,,Timeout #1 by Philadelphia Eagles,13,7,0,0,
3,8:59,3,4,PHI 30,Nick Foles pass incomplete short right intended for Riley Cooper,13,7,0.1,-1.37,22.7
3,8:55,4,4,PHI 30,Donnie Jones punts 41 yards returned by Darren Sproles for 5 yards (tackle by Kurt Coleman),13,7,-1.37,-1.2,23.3
3,8:46,1,10,NOR 34,Mark Ingram right tackle for 3 yards (tackle by DeMeco Ryans),13,7,1.2,1.06,23.7
3,8:08,2,7,NOR 37,Mark Ingram right end for 5 yards (tackle by Bradley Fletcher),13,7,1.06,1.03,23.4
3,7:23,,,,Timeout #1 by New Orleans Saints,13,7,0,0,
3,7:23,3,2,NOR 42,Drew Brees pass complete short right to Marques Colston for 8 yards (tackle by Nate Allen). Penalty on Terron Armstead: Offensive Holding 10 yards (no play),13,7,1.03,-0.3,28.1
3,7:01,3,12,NOR 32,Drew Brees pass complete short left to Kenny Stills for 14 yards (tackle by Roc Carmichael),13,7,-0.3,1.99,19.3
3,6:19,1,10,NOR 46,Drew Brees pass complete deep left to Ben Watson for 27 yards (tackle by Cary Williams),13,7,1.99,3.78,13.4
3,5:49,1,10,PHI 27,Mark Ingram left end for 10 yards (tackle by Patrick Chung),13,7,3.78,4.44,11.4
3,5:20,1,10,PHI 17,Drew Brees pass complete short left to Darren Sproles for 9 yards (tackle by Patrick Chung),13,7,4.44,5.48,8.8
3,4:36,2,1,PHI 8,Mark Ingram up the middle for 4 yards (tackle by Fletcher Cox),13,7,5.48,6.28,6.8
3,3:59,1,4,PHI 4,Mark Ingram right guard for 4 yards touchdown,19,7,6.28,7,7.0
3,3:59,,,,Shayne Graham kicks extra point good,20,7,0,0,5.4
3,3:54,,,NOR 35,Thomas Morstead kicks off 65 yards (tackle by Will Herring),20,7,0,1.27,7.4
3,3:48,1,10,PHI 35,LeSean McCoy left end for 11 yards (tackle by Rafael Bush),20,7,1.27,1.99,8.8
3,3:11,1,10,PHI 46,Nick Foles pass incomplete short right intended for Jason Avant (defended by Keenan Lewis),20,7,1.99,1.45,7.3
3,3:06,2,10,PHI 46,Penalty on Junior Galette: Neutral Zone Infraction 5 yards (no play),20,7,1.45,2.13,8.6
3,3:06,2,5,NOR 49,Nick Foles pass complete deep right to DeSean Jackson for 40 yards (tackle by Corey White),20,7,2.13,5.14,16.9
3,2:24,1,9,NOR 9,Nick Foles pass complete short right to DeSean Jackson for 3 yards,20,7,5.14,4.95,15.7
3,2:00,2,6,NOR 6,LeSean McCoy left tackle for 4 yards (tackle by John Jenkins),20,7,4.95,4.95,15.3
3,1:19,3,2,NOR 2,LeSean McCoy right tackle for 1 yard (tackle by Akiem Hicks),20,7,4.95,3.55,10.6
3,0:35,4,1,NOR 1,LeSean McCoy up the middle for 1 yard touchdown,20,13,3.55,7,17.8
3,0:35,,,,Alex Henery kicks extra point good,20,14,0,0,21.8
3,0:32,,,PHI 35,Alex Henery kicks off 65 yards touchback,20,14,0,0.28,20.6
3,0:32,1,10,NOR 20,Drew Brees pass incomplete short right intended for Jed Collins,20,14,0.28,-0.27,22.9
3,0:26,2,10,NOR 20,Mark Ingram right end for no gain (tackle by Mychal Kendricks). Penalty on Brian De La Puente: Offensive Holding 10 yards (no play),20,14,-0.27,-1.51,28.7
3,0:10,2,20,NOR 10,Drew Brees pass complete short left to Josh Hill for 9 yards (tackle by Bennie Logan),20,14,-1.51,-1.14,26.6
Quarter,Time,Down,ToGo,Location,Detail,NOR,PHI,EPB,EPA,Win%
,,,,,4th Quarter,4th Quarter,4th Quarter,4th Quarter,4th Quarter,
4,15:00,3,11,NOR 19,Darren Sproles right end for 3 yards (tackle by Vinny Curry),20,14,-1.14,-1.9,30.3
4,14:25,4,8,NOR 22,Thomas Morstead punts 47 yards (tackle by David Hawthorne),20,14,-1.9,-2.92,35.4
4,14:13,1,10,NOR 40,LeSean McCoy left guard for 2 yards (tackle by John Jenkins),20,14,2.92,2.64,33.7
4,13:47,2,8,NOR 38,Nick Foles pass complete short left to Riley Cooper for 8 yards,20,14,2.64,3.58,38.8
4,13:32,1,10,NOR 30,Nick Foles pass complete short left to Riley Cooper for 14 yards (tackle by Rod Sweeting),20,14,3.58,4.51,44.3
4,12:48,1,10,NOR 16,Nick Foles pass incomplete deep right intended for DeSean Jackson,20,14,4.51,3.9,40.1
4,12:43,2,10,NOR 16,LeSean McCoy left end for 4 yards (tackle by David Hawthorne),20,14,3.9,3.73,39.0
4,12:11,3,6,NOR 12,Nick Foles pass complete short middle to LeSean McCoy for 5 yards (tackle by Curtis Lofton),20,14,3.73,3.01,34.2
4,11:24,4,1,NOR 7,Penalty on Matt Tobin: False Start 5 yards (no play),20,14,3.01,2.66,31.3
4,11:17,4,6,NOR 12,Alex Henery 31 yard field goal good,20,17,2.66,3,33.3
4,11:14,,,PHI 35,Alex Henery kicks off 58 yards returned by Darren Sproles for 18 yards (tackle by Brandon Graham),20,17,0,0.61,29.5
4,11:09,1,10,NOR 25,Mark Ingram left end for 4 yards (tackle by Trent Cole),20,17,0.61,0.6,29.5
4,10:33,2,6,NOR 29,Drew Brees pass complete short left to Darren Sproles for 8 yards (tackle by Mychal Kendricks),20,17,0.6,1.4,24.2
4,10:05,1,10,NOR 37,Drew Brees pass complete deep middle to Robert Meachem for 40 yards (tackle by Patrick Chung),20,17,1.4,4.04,11.6
4,9:23,1,10,PHI 23,Kenny Stills right end for 1 yard (tackle by Bennie Logan),20,17,4.04,3.63,12.1
4,8:46,2,9,PHI 22,Khiry Robinson left end for 5 yards (tackle by Bennie Logan),20,17,3.63,3.66,11.1
4,8:15,3,4,PHI 17,Drew Brees pass incomplete short right intended for Lance Moore,20,17,3.66,2.39,15.7
4,8:09,4,4,PHI 17,Shayne Graham 35 yard field goal good,23,17,2.39,3,12.8
4,8:04,,,NOR 35,Thomas Morstead kicks off 65 yards returned by Brad Smith for 23 yards (tackle by Kyle Knox),23,17,0,0.48,14.8
4,7:59,1,10,PHI 23,LeSean McCoy left end for 5 yards (tackle by Curtis Lofton),23,17,0.48,0.61,15.3
4,7:25,2,5,PHI 28,LeSean McCoy for 8 yards,23,17,0.61,1.33,18.0
4,7:09,1,10,PHI 36,Nick Foles pass incomplete short right intended for DeSean Jackson,23,17,1.33,0.79,14.6
4,7:06,2,10,PHI 36,Nick Foles pass complete short left to DeSean Jackson for 10 yards,23,17,0.79,1.99,21.2
4,6:44,1,10,PHI 46,Nick Foles pass complete short left to Riley Cooper for 8 yards (tackle by Rod Sweeting),23,17,1.99,2.53,24.1
4,6:13,2,2,NOR 46,LeSean McCoy left end for 3 yards (tackle by John Jenkins),23,17,2.53,2.72,24.4
4,5:47,1,10,NOR 43,Nick Foles pass incomplete deep right intended for DeSean Jackson. Penalty on Corey White: Defensive Pass Interference 40 yards (no play),23,17,2.72,6.51,57.1
4,5:40,1,3,NOR 3,Nick Foles pass complete short right to LeSean McCoy for no gain,23,17,6.51,5.53,47.8
4,4:58,2,3,NOR 3,Nick Foles pass complete short right to Zach Ertz for 3 yards touchdown,23,23,5.53,7,52.1
4,4:58,,,,Alex Henery kicks extra point good,23,24,0,0,62.1
4,4:54,,,PHI 35,Alex Henery kicks off 67 yards returned by Darren Sproles for 39 yards (tackle by Cary Williams). Penalty on Cary Williams: Horse Collar Tackle 15 yards,23,24,0,2.39,38.0
4,4:44,1,10,PHI 48,Mark Ingram up the middle for -1 yards (tackle by Mychal Kendricks and Brandon Graham),23,24,2.39,1.71,44.6
4,4:07,2,11,PHI 49,Khiry Robinson up the middle for 13 yards (tackle by Nate Allen),23,24,1.71,3.18,28.6
4,3:24,1,10,PHI 36,Mark Ingram right end for 3 yards (tackle by DeMeco Ryans),23,24,3.18,3.04,27.9
4,2:42,2,7,PHI 33,Drew Brees pass complete short right to Marques Colston for 6 yards (tackle by Bradley Fletcher),23,24,3.04,3.14,24.2
4,2:32,,,,Timeout #2 by Philadelphia Eagles,23,24,0,0,
4,2:32,3,1,PHI 27,Drew Brees up the middle for 3 yards (tackle by DeMeco Ryans),23,24,3.14,3.97,15.4
4,2:00,1,10,PHI 24,Khiry Robinson right tackle for 4 yards (tackle by Mychal Kendricks),23,24,3.97,3.97,12.5
4,1:54,,,,Timeout #3 by Philadelphia Eagles,23,24,0,0,
4,1:54,2,6,PHI 20,Khiry Robinson right end for 5 yards (tackle by DeMeco Ryans),23,24,3.97,4.17,10.3
4,1:11,3,1,PHI 15,Drew Brees up the middle for 1 yard (tackle by Connor Barwin),23,24,4.17,4.65,3.3
4,0:29,,,,Timeout #2 by New Orleans Saints,23,24,0,0,
4,0:29,1,10,PHI 14,Drew Brees up the middle for no gain (tackle by Trent Cole),23,24,4.65,4,1.1
4,0:03,,,,Timeout #3 by New Orleans Saints,23,24,0,0,
4,0:03,2,10,PHI 14,Shayne Graham 32 yard field goal good,26,24,4,3,0.0
,,,,,End of Regulation,26,24,0,0,