Quarter,Time,Down,ToGo,Location,Detail,PHI,DAL,EPB,EPA,Win%,andrew
1,15:00,,,PHI 35,Alex Henery kicks off 71 yards returned by Dwayne Harris for 29 yards (tackle by Cary Williams),0,0,0,-0.48,31.4,0.854861111
1,14:54,1,10,DAL 23,DeMarco Murray left tackle for 6 yards (tackle by Mychal Kendricks),0,0,0.48,0.74,32.1,
1,14:17,2,4,DAL 29,Kyle Orton pass complete short middle to Dez Bryant for 15 yards (tackle by Bradley Fletcher and Nate Allen),0,0,0.74,1.86,35.3,0.855555556
1,13:36,1,10,DAL 44,DeMarco Murray right guard for 2 yards (tackle by Connor Barwin),0,0,1.86,1.59,34.7,
1,13:00,2,8,DAL 46,Kyle Orton pass complete short right to Dez Bryant for 6 yards (tackle by Bradley Fletcher),0,0,1.59,1.69,35.1,
1,12:20,3,2,PHI 48,Penalty on Cedric Thornton: Encroachment 5 yards (no play),0,0,1.69,2.72,38.1,
1,12:04,1,10,PHI 43,DeMarco Murray left guard for 5 yards (tackle by DeMeco Ryans),0,0,2.72,2.85,38.6,
1,11:20,2,5,PHI 38,Kyle Orton pass complete short left to DeMarco Murray for 10 yards (tackle by Cary Williams),0,0,2.85,3.71,41.3,
1,10:51,1,10,PHI 28,DeMarco Murray right tackle for 2 yards (tackle by Mychal Kendricks). DeMarco Murray fumbles (forced by Mychal Kendricks) recovered by Bradley Fletcher at PHI-23 (tackle by Doug Free),0,0,3.71,-0.48,29.5,0.858333333
1,10:42,1,10,PHI 23,Nick Foles pass incomplete short right intended for LeSean McCoy,0,0,0.48,-0.07,31,
1,10:36,2,10,PHI 23,LeSean McCoy right guard for 7 yards (tackle by Bruce Carter and Barry Church),0,0,-0.07,0.17,30.4,
1,10:02,3,3,PHI 30,Nick Foles pass complete short right to Chris Polk for 34 yards (tackle by Barry Church),0,0,0.17,3.18,22.8,0.861111111
1,9:21,1,10,DAL 36,Nick Foles right guard for no gain (tackle by George Selvie and DeVonte Holloman),0,0,3.18,2.64,24.2,
1,8:45,2,10,DAL 36,LeSean McCoy right tackle for 11 yards (tackle by George Selvie). Penalty on Lane Johnson: Offensive Holding 10 yards (no play),0,0,2.64,1.29,27.6,0.861805556
1,8:33,2,20,DAL 46,LeSean McCoy up the middle for 1 yard (tackle by Jason Hatcher),0,0,1.29,0.76,29.1,
1,7:55,3,19,DAL 45,Nick Foles pass complete deep middle to Riley Cooper for 16 yards (tackle by Morris Claiborne),0,0,0.76,1.58,27,
1,7:10,4,3,DAL 29,Alex Henery 47 yard field goal good,3,0,1.58,3,23.5,0.863194444
1,7:10,,,PHI 35,Alex Henery kicks off 74 yards touchback,3,0,0,-0.28,24.1,0.865277778
1,7:07,1,10,DAL 20,Kyle Orton pass complete short middle to DeMarco Murray for 18 yards (tackle by Nate Allen and Mychal Kendricks),3,0,0.28,1.47,27.2,0.866666667
1,6:25,1,10,DAL 38,DeMarco Murray right tackle for 4 yards (tackle by Damion Square),3,0,1.47,1.46,27.3,
1,5:51,2,6,DAL 42,Kyle Orton pass complete short left to DeMarco Murray for 10 yards (tackle by Patrick Chung and Mychal Kendricks),3,0,1.46,2.39,29.9,0.868055556
1,5:03,1,10,PHI 48,Kyle Orton pass complete short right to Jason Witten for 5 yards (tackle by Nate Allen),3,0,2.39,2.52,30.4,
1,4:24,2,5,PHI 43,Kyle Orton pass complete short right to Dez Bryant for 3 yards (tackle by Bradley Fletcher),3,0,2.52,2.21,29.6,
1,3:46,3,2,PHI 40,Kyle Orton pass incomplete short right intended for Dez Bryant,3,0,2.21,0.59,25.2,
1,3:41,4,2,PHI 40,Chris Jones punts 28 yards fair catch by DeSean Jackson,3,0,0.59,0.35,24.6,0.869444444
1,3:33,1,10,PHI 12,Nick Foles pass complete short right to Zach Ertz for 17 yards (tackle by Jeff Heath),3,0,-0.35,0.87,21.6,0.871527778
1,3:19,1,10,PHI 29,LeSean McCoy right end for -1 yards (tackle by George Selvie and DeVonte Holloman),3,0,0.87,0.19,23.2,
1,2:43,2,11,PHI 28,Nick Foles pass complete short middle to Riley Cooper for 4 yards (tackle by Bruce Carter),3,0,0.19,0.04,23.7,
1,1:59,3,7,PHI 32,Nick Foles pass complete short middle to Zach Ertz for 12 yards (tackle by Jeff Heath),3,0,0.04,1.86,19.3,0.872916667
1,1:22,1,10,PHI 44,LeSean McCoy left guard for 20 yards (tackle by Jeff Heath),3,0,1.86,3.18,16.4,
1,0:45,1,10,DAL 36,Nick Foles pass incomplete. Penalty on Nick Foles: Intentional Grounding 10 yards,3,0,3.18,1.29,20.6,0.873611111
1,0:37,2,20,DAL 46,Nick Foles pass complete short left to DeSean Jackson for 20 yards (tackle by J.J. Wilcox),3,0,1.29,3.84,15,
1,0:20,1,10,DAL 26,LeSean McCoy left guard for 1 yard (tackle by DeVonte Holloman and Kyle Wilber),3,0,3.84,3.43,15.8,
2,15:00,2,9,DAL 25,Nick Foles pass complete deep left to Jason Avant for 22 yards (tackle by Jeff Heath),3,0,3.43,6.51,10.3,0.875
2,14:18,1,3,DAL 3,Nick Foles pass complete short right to LeSean McCoy for 3 yards touchdown,9,0,6.51,7,11,0.877777778
2,14:18,,,DAL 3,Alex Henery kicks extra point good,10,0,0,0,9.5,
2,14:18,,,PHI 35,Alex Henery kicks off 65 yards returned by Dwayne Harris for 36 yards (tackle by Najee Goode),10,0,0,-1.33,11.6,0.879166667
2,14:05,1,10,DAL 36,Kyle Orton pass incomplete short middle intended for DeMarco Murray,10,0,1.33,0.79,10.7,
2,14:00,2,10,DAL 36,DeMarco Murray left tackle for 3 yards (tackle by Fletcher Cox),10,0,0.79,0.5,10.2,
2,14:00,3,7,DAL 39,Penalty on Bennie Logan: Encroachment 5 yards (no play),10,0,0.5,1.16,11.3,
2,13:07,3,2,DAL 44,Kyle Orton pass incomplete short middle intended for Jason Witten,10,0,1.16,-0.46,8.7,
2,12:51,4,2,DAL 44,Chris Jones punts 39 yards returned by DeSean Jackson for 1 yard (tackle by Dwayne Harris),10,0,-0.46,-0.04,9.3,0.882638889
2,12:41,1,10,PHI 18,LeSean McCoy left tackle for 6 yards (tackle by Bruce Carter),10,0,0.04,0.41,8.8,
2,12:20,2,4,PHI 24,LeSean McCoy up the middle for -1 yards (tackle by Jarius Wynn and DeMarcus Ware),10,0,0.41,-0.53,10.1,
2,11:35,3,5,PHI 23,Nick Foles sacked by Jason Hatcher for -2 yards,10,0,-0.53,-1.96,12.5,
2,11:13,4,7,PHI 21,Donnie Jones punts 45 yards fair catch by Dwayne Harris,10,0,-1.96,-1.2,11.1,0.886111111
2,11:07,1,10,DAL 34,Kyle Orton pass incomplete short right intended for Jason Witten,10,0,1.2,0.66,10.2,
2,11:01,2,10,DAL 34,DeMarco Murray left tackle for -2 yards (tackle by DeMeco Ryans),10,0,0.66,-0.3,8.8,
2,10:23,3,12,DAL 32,Kyle Orton pass complete deep right to Terrance Williams for 39 yards (tackle by Brandon Boykin),10,0,-0.3,3.64,15.8,0.888888889
2,9:39,1,10,PHI 29,DeMarco Murray left end for 3 yards (tackle by Trent Cole),10,0,3.64,3.51,15.5,
2,9:04,2,7,PHI 26,DeMarco Murray right tackle for 9 yards (tackle by DeMeco Ryans),10,0,3.51,4.44,17.6,0.889583333
2,8:21,1,10,PHI 17,Kyle Orton pass complete short right to Gavin Escobar for 17 yards touchdown,10,6,4.44,7,21.6,0.890277778
2,8:21,,,PHI 17,Dan Bailey kicks extra point good,10,7,0,0,24.4,
2,8:21,,,DAL 35,Dan Bailey kicks off 65 yards touchback,10,7,0,-0.28,23.6,0.892361111
2,8:16,1,10,PHI 20,LeSean McCoy right tackle for -1 yards (tackle by Orlando Scandrick),10,7,0.28,-0.46,25.7,
2,7:41,2,11,PHI 19,Nick Foles pass complete short right to DeSean Jackson for 3 yards (tackle by Bruce Carter),10,7,-0.46,-0.69,26.5,
2,6:58,3,8,PHI 22,Nick Foles pass complete short middle to Jason Avant for 17 yards (tackle by Barry Church),10,7,-0.69,1.53,20.1,0.89375
2,6:25,1,10,PHI 39,Nick Foles pass incomplete short middle intended for Jason Avant,10,7,1.53,0.99,21.6,
2,6:17,2,10,PHI 39,LeSean McCoy right tackle for 16 yards (tackle by J.J. Wilcox),10,7,0.99,2.59,17.4,0.895138889
2,5:48,1,10,DAL 45,Nick Foles sacked by Jarius Wynn for -7 yards,10,7,2.59,1.1,21.3,
2,5:12,2,17,PHI 48,LeSean McCoy right tackle for 3 yards (tackle by Jarius Wynn),10,7,1.1,0.83,22.1,
2,4:36,3,14,DAL 49,Nick Foles pass incomplete short left intended for Jason Avant,10,7,0.83,0,24.6,
2,4:26,4,14,DAL 49,Donnie Jones punts 39 yards fair catch by Dwayne Harris. Penalty on Brandon Boykin: Fair Catch Interference 15 yards,10,7,0,-0.61,26.5,0.896527778
2,4:18,1,10,DAL 25,Kyle Orton pass complete short middle to Jason Witten for 3 yards (tackle by DeMeco Ryans),10,7,0.61,0.47,26.1,
2,3:41,2,7,DAL 28,DeMarco Murray right tackle for 7 yards (tackle by Bradley Fletcher),10,7,0.47,1.27,28.7,0.897916667
2,3:00,1,10,DAL 35,DeMarco Murray right end for 1 yard (tackle by Brandon Graham),10,7,1.27,0.86,27.4,
2,2:21,2,9,DAL 36,Kyle Orton pass incomplete,10,7,0.86,0.17,25.2,
2,2:13,3,9,DAL 36,Kyle Orton pass complete short middle to Jason Witten for 11 yards (tackle by Patrick Chung),10,7,0.17,2.06,31.7,0.899305556
2,2:00,1,10,DAL 47,Kyle Orton pass incomplete short right intended for Jason Witten is intercepted by Mychal Kendricks at PHI-46 and returned for 5 yards (tackle by Jason Witten),10,7,2.06,-2.32,17.9,0.901388889
2,1:53,1,10,DAL 49,Nick Foles pass complete deep right to Brent Celek for 35 yards (tackle by DeVonte Holloman),10,7,2.32,4.65,12.3,0.902083333
2,1:25,1,10,DAL 14,Nick Foles pass complete short right to Brent Celek for 14 yards touchdown,16,7,4.65,7,9.7,0.902777778
2,1:25,,,DAL 14,Alex Henery kicks extra point good,17,7,0,0,8,
2,1:25,,,PHI 35,Alex Henery kicks off 65 yards touchback,17,7,0,-0.28,8.5,0.904166667
2,1:19,1,10,DAL 20,Kyle Orton pass complete short right to Jason Witten for 8 yards (tackle by Mychal Kendricks),17,7,0.28,0.81,9.3,
2,1:15,2,2,DAL 28,Kyle Orton up the middle for 8 yards (tackle by Mychal Kendricks),17,7,0.81,1.33,10.3,0.904861111
2,1:09,1,10,DAL 36,Kyle Orton pass complete short left to Jason Witten for 28 yards (tackle by Patrick Chung),17,7,1.33,3.18,14.1,0.90625
2,1:02,1,10,PHI 36,Kyle Orton pass complete short middle to Jason Witten for 11 yards (tackle by Mychal Kendricks),17,7,3.18,3.91,15.8,0.906944444
2,0:38,1,10,PHI 25,Kyle Orton pass incomplete short middle intended for Cole Beasley (defended by Brandon Boykin),17,7,3.91,3.36,14.4,
2,0:34,2,10,PHI 25,Kyle Orton pass incomplete deep left intended for Dez Bryant,17,7,3.36,2.68,12.9,
2,0:29,3,10,PHI 25,Kyle Orton pass complete short right to Jason Witten for -1 yards (tackle by Nate Allen),17,7,2.68,1.74,10.9,
2,0:23,4,11,PHI 26,Dan Bailey 44 yard field goal good,17,10,1.74,3,13.6,0.908333333
2,0:23,,,DAL 35,Dan Bailey kicks off 65 yards touchback,17,10,0,-0.28,12.9,0.909722222
2,0:18,1,10,PHI 20,Nick Foles kneels for -1 yards,17,10,0.28,-0.46,13.6,0.910416667
3,15:00,,,DAL 35,Dan Bailey kicks off no gain touchback,17,10,0,0.28,12.9,0.919444444
3,15:00,1,10,PHI 20,Nick Foles sacked by DeVonte Holloman for -9 yards,17,10,0.28,-1.44,17.1,
3,14:31,2,19,PHI 11,LeSean McCoy up the middle for 16 yards (tackle by Barry Church),17,10,-1.44,-0.03,13.5,
3,14:08,3,3,PHI 27,Nick Foles pass incomplete short right intended for Brent Celek,17,10,-0.03,-1.57,17.3,
3,14:01,4,3,PHI 27,Donnie Jones punts 50 yards returned by Dwayne Harris for 11 yards (tackle by Brandon Boykin),17,10,-1.57,-1.2,16.3,0.921527778
3,13:49,1,10,DAL 34,DeMarco Murray right tackle for 3 yards (tackle by Bennie Logan and Cedric Thornton),17,10,1.2,1.06,16,
3,13:14,2,7,DAL 37,Kyle Orton pass complete short right to DeMarco Murray for no gain,17,10,1.06,0.37,14.1,
3,12:26,3,7,DAL 37,Kyle Orton pass incomplete. Penalty on Fletcher Cox: Defensive Offside 5 yards (no play),17,10,0.37,1.03,15.7,0.924305556
3,12:24,3,2,DAL 42,DeMarco Murray left end for 6 yards (tackle by Patrick Chung),17,10,1.03,2.13,18.8,0.925
3,11:54,1,10,DAL 48,Kyle Orton pass complete short right to Miles Austin for 6 yards (tackle by Bradley Fletcher),17,10,2.13,2.39,19.5,
3,11:19,2,4,PHI 46,Kyle Orton pass complete short left to Jason Witten for 19 yards (tackle by Patrick Chung and Mychal Kendricks),17,10,2.39,3.78,24,0.925694444
3,10:32,1,10,PHI 27,Kyle Orton pass complete short left to Dez Bryant for 6 yards (tackle by Patrick Chung),17,10,3.78,4.04,25,
3,9:56,2,4,PHI 21,DeMarco Murray right end for -4 yards (tackle by Brandon Boykin and Cedric Thornton),17,10,4.04,2.81,20.7,
3,9:10,3,8,PHI 25,Kyle Orton pass incomplete deep right intended for Dez Bryant (defended by Brandon Boykin),17,10,2.81,1.8,17.4,
3,9:04,4,8,PHI 25,Dan Bailey 43 yard field goal good,17,13,1.8,3,21.2,0.927777778
3,9:04,,,DAL 35,Dan Bailey kicks off 65 yards touchback,17,13,0,-0.28,20.3,0.93125
3,8:59,1,10,PHI 20,Nick Foles pass complete short right to Zach Ertz for 14 yards (tackle by DeVonte Holloman),17,13,0.28,1.2,17.4,
3,8:30,1,10,PHI 34,LeSean McCoy left end for -1 yards (tackle by Jason Hatcher),17,13,1.2,0.52,19.5,
3,7:57,2,11,PHI 33,Nick Foles pass incomplete short middle intended for Brent Celek,17,13,0.52,-0.16,21.7,
3,7:52,3,11,PHI 33,Nick Foles sacked by Jason Hatcher for -11 yards. Nick Foles fumbles (forced by Jason Hatcher) recovered by DeMarcus Ware at PHI-20 (tackle by Jason Peters),17,13,-0.16,-4.24,38.5,0.932638889
3,7:44,1,10,PHI 20,Kyle Orton pass complete short right to Jason Witten for 1 yard (tackle by Mychal Kendricks),17,13,4.24,3.82,36.6,
3,7:03,2,9,PHI 19,DeMarco Murray left end for no gain (tackle by DeMeco Ryans),17,13,3.82,3.1,33.5,
3,6:12,3,9,PHI 19,Kyle Orton pass complete short right to DeMarco Murray for 1 yard (tackle by Connor Barwin),17,13,3.1,2.25,29.9,
3,5:43,4,8,PHI 18,Dan Bailey 36 yard field goal good,17,16,2.25,3,33.3,0.934027778
3,5:43,,,DAL 35,Dan Bailey kicks off 74 yards touchback,17,16,0,-0.28,32,0.936111111
3,5:38,1,10,PHI 20,LeSean McCoy left guard for no gain (tackle by DeVonte Holloman and George Selvie),17,16,0.28,-0.27,34.6,
3,5:18,2,10,PHI 20,Nick Foles pass incomplete deep right intended for DeSean Jackson,17,16,-0.27,-0.96,37.9,
3,5:11,3,10,PHI 20,Nick Foles pass incomplete short right intended for Zach Ertz,17,16,-0.96,-2.03,43.3,
3,5:04,4,10,PHI 20,Donnie Jones punts 47 yards muffed catch by Dwayne Harris recovered by Dwayne Harris and returned for no gain,17,16,-2.03,-0.94,37.9,0.9375
3,4:55,1,10,DAL 30,DeMarco Murray right tackle for 1 yard (tackle by Mychal Kendricks),17,16,0.94,0.53,36,
3,4:17,2,9,DAL 31,Kyle Orton pass incomplete deep middle intended for Terrance Williams,17,16,0.53,-0.16,32.8,
3,4:09,3,9,DAL 31,Kyle Orton pass complete short left to Jason Witten for no gain,17,16,-0.16,-1.31,27.5,
3,3:37,4,9,DAL 31,Chris Jones punts 44 yards returned by DeSean Jackson for 23 yards (tackle by Danny McCray),17,16,-1.31,-2.13,24,0.940972222
3,3:25,1,10,PHI 48,LeSean McCoy right end for 1 yard (tackle by DeVonte Holloman and Everette Brown),17,16,2.13,1.72,25.7,
3,2:53,2,9,PHI 49,LeSean McCoy right end for 13 yards (tackle by Corvey Irvin and Everette Brown),17,16,1.72,3.05,20.2,0.941666667
3,2:22,1,10,DAL 38,LeSean McCoy for 10 yards (tackle by Barry Church),17,16,3.05,3.71,17.7,0.942361111
3,1:51,1,10,DAL 28,Nick Foles pass complete short left to Brent Celek for 22 yards (tackle by Barry Church),17,16,3.71,5.83,10.9,
3,1:19,1,6,DAL 6,Brad Smith pass incomplete short right intended for Zach Ertz,17,16,5.83,4.95,13.2,
3,1:11,2,6,DAL 6,Nick Foles pass incomplete,17,16,4.95,4.04,16.1,
3,1:06,3,6,DAL 6,Nick Foles pass complete short middle to DeSean Jackson for 5 yards (tackle by Orlando Scandrick and Brandon Carr),17,16,4.04,3.55,17.9,0.944444444
3,0:38,4,1,DAL 1,Nick Foles up the middle for no gain (tackle by DeMarcus Ware and Bruce Carter),17,16,3.55,0.38,32.1,0.945833333
3,0:31,1,10,DAL 1,Kyle Orton pass complete short middle to Dez Bryant for 18 yards (tackle by Patrick Chung),17,16,-0.38,0.15,34.9,0.946527778
4,15:00,1,10,DAL 19,Kyle Orton pass complete short middle to Jason Witten for 16 yards (tackle by Nate Allen and Patrick Chung),17,16,0.15,1.27,41.3,0.948611111
4,14:18,1,10,DAL 35,Kyle Orton pass incomplete,17,16,1.27,0.72,38.4,
4,14:13,2,10,DAL 35,Kyle Orton pass complete short left to Miles Austin for 16 yards (tackle by DeMeco Ryans and Patrick Chung),17,16,0.72,2.32,47.9,0.949305556
4,13:27,1,10,PHI 49,Kyle Orton pass incomplete deep left intended for Dez Bryant,17,16,2.32,1.78,45.1,
4,13:22,2,10,PHI 49,Kyle Orton pass complete short right to Cole Beasley for 7 yards (tackle by Bradley Fletcher),17,16,1.78,2.02,46.6,
4,12:41,3,3,PHI 42,DeMarco Murray left end for 2 yards (tackle by Trent Cole),17,16,2.02,0.59,38,
4,11:53,4,1,PHI 40,Kyle Orton pass incomplete short middle intended for DeMarco Murray (defended by Connor Barwin),17,16,0.59,-1.6,25.3,0.951388889
4,11:46,1,10,PHI 40,LeSean McCoy right tackle for no gain (tackle by DeVonte Holloman),17,16,1.6,1.05,28.3,
4,11:24,2,10,PHI 40,Nick Foles pass complete deep middle to Riley Cooper for 19 yards (tackle by Morris Claiborne),17,16,1.05,2.85,18.9,0.953472222
4,10:46,1,10,DAL 41,LeSean McCoy left end for 8 yards (tackle by DeVonte Holloman),17,16,2.85,3.39,16.2,
4,10:08,2,2,DAL 33,LeSean McCoy right tackle for 1 yard (tackle by Nick Hayden),17,16,3.39,2.81,18.4,
4,9:36,3,1,DAL 32,LeSean McCoy left tackle for 2 yards (tackle by Nick Hayden),17,16,2.81,3.58,14.6,0.954861111
4,9:03,1,10,DAL 30,Nick Foles pass complete short left to Jason Avant for 6 yards (tackle by Orlando Scandrick),17,16,3.58,3.84,13.1,
4,8:33,2,4,DAL 24,Bryce Brown left end for 5 yards (tackle by Corvey Irvin),17,16,3.84,4.31,10.8,0.95625
4,7:57,1,10,DAL 19,LeSean McCoy right tackle for 3 yards (tackle by DeMarcus Ware),17,16,4.31,4.18,10.7,
4,7:17,2,7,DAL 16,LeSean McCoy left end for 6 yards (tackle by Barry Church),17,16,4.18,4.69,8.3,
4,6:49,3,1,DAL 10,LeSean McCoy up the middle for 4 yards (tackle by Frank Kearse),17,16,4.69,5.83,4.7,
4,6:16,1,6,DAL 6,Bryce Brown left end for 6 yards touchdown,23,16,5.83,7,3.9,0.956944444
4,6:16,,,DAL 6,Alex Henery kicks extra point good,24,16,0,0,2.3,
4,6:16,,,PHI 35,Alex Henery kicks off 65 yards touchback,24,16,0,-0.28,2.7,0.959722222
4,6:09,1,10,DAL 20,Kyle Orton pass complete short middle to Dez Bryant for 13 yards (tackle by DeMeco Ryans),24,16,0.28,1.14,4,0.961111111
4,5:32,1,10,DAL 33,Kyle Orton pass complete short middle to Jason Witten for 34 yards (tackle by Patrick Chung and Mychal Kendricks),24,16,1.14,3.38,10,0.961805556
4,5:32,1,10,PHI 33,Penalty on Kyle Orton: Delay of Game 5 yards (no play),24,16,3.38,3.05,8.7,
4,4:49,1,15,PHI 38,Kyle Orton pass incomplete short left intended for Jason Witten,24,16,3.05,2.16,4.8,
4,4:44,2,15,PHI 38,Kyle Orton pass complete short left to Dez Bryant for 6 yards (tackle by Bradley Fletcher),24,16,2.16,2.28,5,
4,4:02,3,9,PHI 32,Kyle Orton pass incomplete deep left intended for Dez Bryant,24,16,2.28,1.24,2,
4,3:57,4,9,PHI 32,Kyle Orton pass complete short middle to Dez Bryant for 32 yards touchdown,24,22,1.24,7,24,0.965277778
4,3:57,4,9,PHI 32,Two Point Attempt: Kyle Orton pass incomplete intended for Dez Bryant  conversion fails,24,22,0,-1,16,0.965972222
4,3:57,,,DAL 35,Dan Bailey kicks off 60 yards (tackle by Barry Church),24,22,0,0.14,25.3,
4,3:45,1,10,PHI 16,LeSean McCoy up the middle for 2 yards (tackle by Kyle Wilber),24,22,-0.14,-0.35,27,
4,3:03,2,8,PHI 18,LeSean McCoy up the middle for 4 yards (tackle by Bruce Carter),24,22,-0.35,-0.57,28.1,
4,2:19,3,4,PHI 22,Nick Foles sacked by DeVonte Holloman for -3 yards,24,22,-0.57,-2.14,48.1,
4,1:59,4,7,PHI 19,Donnie Jones punts 56 yards returned by Dwayne Harris for 7 yards (tackle by Roc Carmichael),24,22,-2.14,-1.07,32.1,0.969
4,1:49,1,10,DAL 32,Kyle Orton pass incomplete short middle intended for Miles Austin is intercepted by Brandon Boykin at DAL-40 and returned for 6 yards (tackle by Ronald Leary),24,22,1.07,-3.31,1,0.972222222
4,1:43,1,10,DAL 34,LeSean McCoy up the middle for 6 yards (tackle by Jeff Heath),24,22,3.31,3.58,0.7,
4,1:36,2,4,DAL 28,LeSean McCoy right tackle for 5 yards (tackle by DeMarcus Ware),24,22,3.58,4.04,0.3,0.973611111
4,0:47,1,10,DAL 23,Nick Foles kneels for -2 yards,24,22,4.04,3.23,0,
4,0:25,2,12,DAL 25,Nick Foles kneels for -2 yards,24,22,3.23,2.28,4.8,0.974305556
